[{"model": "admin.logentry", "pk": 1, "fields": {"action_time": "2024-08-14T11:59:03.812Z", "user": 1, "content_type": 6, "object_id": "1", "object_repr": "Shirts", "action_flag": 1, "change_message": "[{\"added\": {}}]"}}, {"model": "admin.logentry", "pk": 2, "fields": {"action_time": "2024-08-14T12:07:37.533Z", "user": 1, "content_type": 6, "object_id": "2", "object_repr": "T-Shirt", "action_flag": 1, "change_message": "[{\"added\": {}}]"}}, {"model": "admin.logentry", "pk": 3, "fields": {"action_time": "2024-08-14T12:08:04.927Z", "user": 1, "content_type": 6, "object_id": "3", "object_repr": "Shoes", "action_flag": 1, "change_message": "[{\"added\": {}}]"}}, {"model": "admin.logentry", "pk": 4, "fields": {"action_time": "2024-08-14T12:08:53.436Z", "user": 1, "content_type": 6, "object_id": "4", "object_repr": "Jacket", "action_flag": 1, "change_message": "[{\"added\": {}}]"}}, {"model": "admin.logentry", "pk": 5, "fields": {"action_time": "2024-08-14T12:09:23.640Z", "user": 1, "content_type": 6, "object_id": "5", "object_repr": "Jeans", "action_flag": 1, "change_message": "[{\"added\": {}}]"}}, {"model": "admin.logentry", "pk": 6, "fields": {"action_time": "2024-08-16T11:01:03.257Z", "user": 1, "content_type": 8, "object_id": "1", "object_repr": "ATX-Jeans", "action_flag": 1, "change_message": "[{\"added\": {}}]"}}, {"model": "admin.logentry", "pk": 7, "fields": {"action_time": "2024-08-16T11:02:21.257Z", "user": 1, "content_type": 8, "object_id": "2", "object_repr": "RXN Blue Shirt", "action_flag": 1, "change_message": "[{\"added\": {}}]"}}, {"model": "admin.logentry", "pk": 8, "fields": {"action_time": "2024-08-16T11:03:03.159Z", "user": 1, "content_type": 8, "object_id": "3", "object_repr": "Great T Shirt", "action_flag": 1, "change_message": "[{\"added\": {}}]"}}, {"model": "admin.logentry", "pk": 9, "fields": {"action_time": "2024-08-16T11:03:45.981Z", "user": 1, "content_type": 8, "object_id": "4", "object_repr": "Wrangler Jeans", "action_flag": 1, "change_message": "[{\"added\": {}}]"}}, {"model": "admin.logentry", "pk": 10, "fields": {"action_time": "2024-08-16T11:04:33.236Z", "user": 1, "content_type": 8, "object_id": "5", "object_repr": "Jordan Basket Ball Shoes", "action_flag": 1, "change_message": "[{\"added\": {}}]"}}, {"model": "admin.logentry", "pk": 11, "fields": {"action_time": "2024-08-16T11:05:11.066Z", "user": 1, "content_type": 8, "object_id": "6", "object_repr": "Puma Ferrari Shoes", "action_flag": 1, "change_message": "[{\"added\": {}}]"}}, {"model": "admin.logentry", "pk": 12, "fields": {"action_time": "2024-08-16T11:06:03.287Z", "user": 1, "content_type": 8, "object_id": "7", "object_repr": "US  Polo Assn Jacket", "action_flag": 1, "change_message": "[{\"added\": {}}]"}}, {"model": "admin.logentry", "pk": 13, "fields": {"action_time": "2024-08-16T11:06:44.458Z", "user": 1, "content_type": 8, "object_id": "8", "object_repr": "Wrangler Mens Shirt", "action_flag": 1, "change_message": "[{\"added\": {}}]"}}, {"model": "admin.logentry", "pk": 14, "fields": {"action_time": "2024-08-20T12:28:38.302Z", "user": 1, "content_type": 8, "object_id": "3", "object_repr": "Great T Shirt", "action_flag": 2, "change_message": "[{\"changed\": {\"fields\": [\"Stock\"]}}]"}}, {"model": "admin.logentry", "pk": 15, "fields": {"action_time": "2024-08-20T12:34:28.293Z", "user": 1, "content_type": 8, "object_id": "3", "object_repr": "Great T Shirt", "action_flag": 2, "change_message": "[{\"changed\": {\"fields\": [\"Stock\"]}}]"}}, {"model": "admin.logentry", "pk": 16, "fields": {"action_time": "2024-08-20T12:34:44.615Z", "user": 1, "content_type": 8, "object_id": "3", "object_repr": "Great T Shirt", "action_flag": 2, "change_message": "[{\"changed\": {\"fields\": [\"Stock\"]}}]"}}, {"model": "admin.logentry", "pk": 17, "fields": {"action_time": "2024-08-22T06:31:42.582Z", "user": 1, "content_type": 8, "object_id": "1", "object_repr": "ATX-Jeans", "action_flag": 2, "change_message": "[{\"changed\": {\"fields\": [\"Description\"]}}]"}}, {"model": "admin.logentry", "pk": 18, "fields": {"action_time": "2024-08-22T09:52:41.090Z", "user": 1, "content_type": 11, "object_id": "1", "object_repr": "Variation object (1)", "action_flag": 1, "change_message": "[{\"added\": {}}]"}}, {"model": "admin.logentry", "pk": 19, "fields": {"action_time": "2024-08-22T09:52:51.083Z", "user": 1, "content_type": 11, "object_id": "2", "object_repr": "Variation object (2)", "action_flag": 1, "change_message": "[{\"added\": {}}]"}}, {"model": "admin.logentry", "pk": 20, "fields": {"action_time": "2024-08-22T09:53:01.518Z", "user": 1, "content_type": 11, "object_id": "3", "object_repr": "Variation object (3)", "action_flag": 1, "change_message": "[{\"added\": {}}]"}}, {"model": "admin.logentry", "pk": 21, "fields": {"action_time": "2024-08-22T10:04:20.796Z", "user": 1, "content_type": 11, "object_id": "1", "object_repr": "Variation object (1)", "action_flag": 2, "change_message": "[{\"changed\": {\"fields\": [\"Variation value\"]}}]"}}, {"model": "admin.logentry", "pk": 22, "fields": {"action_time": "2024-08-22T10:20:29.423Z", "user": 1, "content_type": 11, "object_id": "4", "object_repr": "Variation object (4)", "action_flag": 1, "change_message": "[{\"added\": {}}]"}}, {"model": "admin.logentry", "pk": 23, "fields": {"action_time": "2024-08-22T10:33:36.891Z", "user": 1, "content_type": 11, "object_id": "5", "object_repr": "Variation object (5)", "action_flag": 1, "change_message": "[{\"added\": {}}]"}}, {"model": "admin.logentry", "pk": 24, "fields": {"action_time": "2024-08-22T10:33:45.411Z", "user": 1, "content_type": 11, "object_id": "6", "object_repr": "Variation object (6)", "action_flag": 1, "change_message": "[{\"added\": {}}]"}}, {"model": "admin.logentry", "pk": 25, "fields": {"action_time": "2024-08-23T10:27:24.586Z", "user": 1, "content_type": 7, "object_id": "2", "object_repr": "rithinthiruvalla@gmail.com", "action_flag": 3, "change_message": ""}}, {"model": "admin.logentry", "pk": 26, "fields": {"action_time": "2024-08-23T10:33:34.137Z", "user": 1, "content_type": 7, "object_id": "3", "object_repr": "rithinthiruvalla@gmail.com", "action_flag": 3, "change_message": ""}}, {"model": "admin.logentry", "pk": 27, "fields": {"action_time": "2024-08-23T10:35:00.200Z", "user": 1, "content_type": 7, "object_id": "4", "object_repr": "rithinthiruvalla@gmail.com", "action_flag": 3, "change_message": ""}}, {"model": "admin.logentry", "pk": 28, "fields": {"action_time": "2024-08-23T10:38:20.823Z", "user": 1, "content_type": 7, "object_id": "5", "object_repr": "rithinthiruvalla@gmail.com", "action_flag": 3, "change_message": ""}}, {"model": "admin.logentry", "pk": 29, "fields": {"action_time": "2024-08-23T10:38:53.250Z", "user": 1, "content_type": 7, "object_id": "6", "object_repr": "rithinthiruvalla@gmail.com", "action_flag": 3, "change_message": ""}}, {"model": "admin.logentry", "pk": 30, "fields": {"action_time": "2024-08-23T10:40:11.160Z", "user": 1, "content_type": 7, "object_id": "7", "object_repr": "rithinthiruvalla@gmail.com", "action_flag": 3, "change_message": ""}}, {"model": "admin.logentry", "pk": 31, "fields": {"action_time": "2024-08-23T10:43:08.175Z", "user": 1, "content_type": 7, "object_id": "8", "object_repr": "rithinthiruvalla@gmail.com", "action_flag": 3, "change_message": ""}}, {"model": "admin.logentry", "pk": 32, "fields": {"action_time": "2024-08-23T10:44:24.140Z", "user": 1, "content_type": 7, "object_id": "9", "object_repr": "rithinthiruvalla@gmail.com", "action_flag": 3, "change_message": ""}}, {"model": "admin.logentry", "pk": 33, "fields": {"action_time": "2024-08-23T10:48:52.892Z", "user": 1, "content_type": 7, "object_id": "10", "object_repr": "rithinthiruvalla@gmail.com", "action_flag": 3, "change_message": ""}}, {"model": "admin.logentry", "pk": 34, "fields": {"action_time": "2024-08-23T10:50:34.120Z", "user": 1, "content_type": 7, "object_id": "11", "object_repr": "rithinthiruvalla@gmail.com", "action_flag": 3, "change_message": ""}}, {"model": "admin.logentry", "pk": 35, "fields": {"action_time": "2024-08-27T05:55:36.121Z", "user": 1, "content_type": 7, "object_id": "12", "object_repr": "rithinthiruvalla@gmail.com", "action_flag": 3, "change_message": ""}}, {"model": "admin.logentry", "pk": 36, "fields": {"action_time": "2024-08-27T05:58:57.037Z", "user": 1, "content_type": 7, "object_id": "13", "object_repr": "rithinthiruvalla@gmail.com", "action_flag": 2, "change_message": "[{\"changed\": {\"fields\": [\"Is active\"]}}]"}}, {"model": "admin.logentry", "pk": 37, "fields": {"action_time": "2024-08-27T07:09:23.155Z", "user": 1, "content_type": 7, "object_id": "13", "object_repr": "rithinthiruvalla@gmail.com", "action_flag": 3, "change_message": ""}}, {"model": "admin.logentry", "pk": 38, "fields": {"action_time": "2024-08-27T07:35:12.597Z", "user": 1, "content_type": 7, "object_id": "16", "object_repr": "rithins_mca21-23@macfast.ac.in", "action_flag": 3, "change_message": ""}}, {"model": "admin.logentry", "pk": 39, "fields": {"action_time": "2024-08-27T07:38:04.306Z", "user": 1, "content_type": 7, "object_id": "17", "object_repr": "rithins_mca21-23@macfast.ac.in", "action_flag": 3, "change_message": ""}}, {"model": "admin.logentry", "pk": 40, "fields": {"action_time": "2024-08-27T07:38:04.326Z", "user": 1, "content_type": 7, "object_id": "15", "object_repr": "rithinthiruvalla@gmail.com", "action_flag": 3, "change_message": ""}}, {"model": "admin.logentry", "pk": 41, "fields": {"action_time": "2024-08-27T08:19:10.539Z", "user": 1, "content_type": 7, "object_id": "14", "object_repr": "shibuvjohn1968@gmail.com", "action_flag": 3, "change_message": ""}}, {"model": "admin.logentry", "pk": 42, "fields": {"action_time": "2024-08-27T08:54:43.991Z", "user": 1, "content_type": 7, "object_id": "18", "object_repr": "rithinthiruvalla@gmail.com", "action_flag": 3, "change_message": ""}}, {"model": "admin.logentry", "pk": 43, "fields": {"action_time": "2024-08-27T09:09:52.604Z", "user": 1, "content_type": 7, "object_id": "19", "object_repr": "rithinthiruvalla@gmail.com", "action_flag": 3, "change_message": ""}}, {"model": "admin.logentry", "pk": 44, "fields": {"action_time": "2024-08-27T09:12:16.375Z", "user": 1, "content_type": 7, "object_id": "20", "object_repr": "rithinthiruvalla@gmail.com", "action_flag": 3, "change_message": ""}}, {"model": "admin.logentry", "pk": 45, "fields": {"action_time": "2024-08-27T09:14:18.043Z", "user": 1, "content_type": 7, "object_id": "21", "object_repr": "rithinthiruvalla@gmail.com", "action_flag": 3, "change_message": ""}}, {"model": "admin.logentry", "pk": 46, "fields": {"action_time": "2024-08-27T09:19:44.871Z", "user": 1, "content_type": 7, "object_id": "22", "object_repr": "rithinthiruvalla@gmail.com", "action_flag": 3, "change_message": ""}}, {"model": "admin.logentry", "pk": 47, "fields": {"action_time": "2024-08-27T09:23:50.456Z", "user": 1, "content_type": 7, "object_id": "23", "object_repr": "rithinthiruvalla@gmail.com", "action_flag": 3, "change_message": ""}}, {"model": "admin.logentry", "pk": 48, "fields": {"action_time": "2024-08-28T06:44:33.309Z", "user": 1, "content_type": 10, "object_id": "48", "object_repr": "CartItem object (48)", "action_flag": 3, "change_message": ""}}, {"model": "admin.logentry", "pk": 49, "fields": {"action_time": "2024-08-28T06:44:33.323Z", "user": 1, "content_type": 10, "object_id": "47", "object_repr": "CartItem object (47)", "action_flag": 3, "change_message": ""}}, {"model": "admin.logentry", "pk": 50, "fields": {"action_time": "2024-08-28T06:44:33.335Z", "user": 1, "content_type": 10, "object_id": "46", "object_repr": "CartItem object (46)", "action_flag": 3, "change_message": ""}}, {"model": "admin.logentry", "pk": 51, "fields": {"action_time": "2024-08-28T06:44:33.346Z", "user": 1, "content_type": 10, "object_id": "45", "object_repr": "CartItem object (45)", "action_flag": 3, "change_message": ""}}, {"model": "admin.logentry", "pk": 52, "fields": {"action_time": "2024-08-28T06:44:33.356Z", "user": 1, "content_type": 10, "object_id": "44", "object_repr": "CartItem object (44)", "action_flag": 3, "change_message": ""}}, {"model": "admin.logentry", "pk": 53, "fields": {"action_time": "2024-08-28T06:44:33.362Z", "user": 1, "content_type": 10, "object_id": "41", "object_repr": "CartItem object (41)", "action_flag": 3, "change_message": ""}}, {"model": "admin.logentry", "pk": 54, "fields": {"action_time": "2024-08-28T06:44:33.369Z", "user": 1, "content_type": 10, "object_id": "33", "object_repr": "CartItem object (33)", "action_flag": 3, "change_message": ""}}, {"model": "admin.logentry", "pk": 55, "fields": {"action_time": "2024-08-28T06:44:33.376Z", "user": 1, "content_type": 10, "object_id": "32", "object_repr": "CartItem object (32)", "action_flag": 3, "change_message": ""}}, {"model": "admin.logentry", "pk": 56, "fields": {"action_time": "2024-08-28T06:44:33.387Z", "user": 1, "content_type": 10, "object_id": "31", "object_repr": "CartItem object (31)", "action_flag": 3, "change_message": ""}}, {"model": "admin.logentry", "pk": 57, "fields": {"action_time": "2024-08-28T06:47:41.795Z", "user": 1, "content_type": 10, "object_id": "49", "object_repr": "CartItem object (49)", "action_flag": 3, "change_message": ""}}, {"model": "admin.logentry", "pk": 58, "fields": {"action_time": "2024-08-28T07:41:54.099Z", "user": 1, "content_type": 9, "object_id": "7", "object_repr": "770elkdl8ppg98x40x46hriv4932ias2", "action_flag": 3, "change_message": ""}}, {"model": "admin.logentry", "pk": 59, "fields": {"action_time": "2024-08-28T07:41:54.109Z", "user": 1, "content_type": 9, "object_id": "2", "object_repr": "ig5ak91sxagp84uxgsw1dn73g6putuw7", "action_flag": 3, "change_message": ""}}, {"model": "admin.logentry", "pk": 60, "fields": {"action_time": "2024-08-28T07:41:54.116Z", "user": 1, "content_type": 9, "object_id": "3", "object_repr": "rpswz5ao2nl0yrgc6orxwa7ijs6od8p9", "action_flag": 3, "change_message": ""}}, {"model": "admin.logentry", "pk": 61, "fields": {"action_time": "2024-08-28T07:41:54.124Z", "user": 1, "content_type": 9, "object_id": "4", "object_repr": "s6m8c00as1hbr6m51jpw8t7gcq9nne1k", "action_flag": 3, "change_message": ""}}, {"model": "admin.logentry", "pk": 62, "fields": {"action_time": "2024-08-28T07:41:54.131Z", "user": 1, "content_type": 9, "object_id": "1", "object_repr": "twdffqj3d5h2tx4h36id3ldwctg5gr0g", "action_flag": 3, "change_message": ""}}, {"model": "admin.logentry", "pk": 63, "fields": {"action_time": "2024-08-28T07:41:54.138Z", "user": 1, "content_type": 9, "object_id": "5", "object_repr": "wzm765zchktnexsjgz885vq2kf306zr5", "action_flag": 3, "change_message": ""}}, {"model": "admin.logentry", "pk": 64, "fields": {"action_time": "2024-08-28T07:41:54.145Z", "user": 1, "content_type": 9, "object_id": "6", "object_repr": "zcvgzcld111sn1khxkv4lzxbljqbdcls", "action_flag": 3, "change_message": ""}}, {"model": "admin.logentry", "pk": 65, "fields": {"action_time": "2024-08-28T07:41:54.150Z", "user": 1, "content_type": 9, "object_id": "8", "object_repr": "zmgs2v560gtkdmf7sm7bl8hgxygxy3x0", "action_flag": 3, "change_message": ""}}, {"model": "admin.logentry", "pk": 66, "fields": {"action_time": "2024-08-29T05:03:47.235Z", "user": 1, "content_type": 10, "object_id": "54", "object_repr": "CartItem object (54)", "action_flag": 3, "change_message": ""}}, {"model": "admin.logentry", "pk": 67, "fields": {"action_time": "2024-08-29T05:03:47.299Z", "user": 1, "content_type": 10, "object_id": "53", "object_repr": "CartItem object (53)", "action_flag": 3, "change_message": ""}}, {"model": "admin.logentry", "pk": 68, "fields": {"action_time": "2024-08-29T05:03:47.307Z", "user": 1, "content_type": 10, "object_id": "52", "object_repr": "CartItem object (52)", "action_flag": 3, "change_message": ""}}, {"model": "admin.logentry", "pk": 69, "fields": {"action_time": "2024-08-30T06:41:39.529Z", "user": 1, "content_type": 9, "object_id": "11", "object_repr": "2b8w1uje33x44byczbqvvaeuqvazr6u7", "action_flag": 3, "change_message": ""}}, {"model": "admin.logentry", "pk": 70, "fields": {"action_time": "2024-08-30T06:41:39.537Z", "user": 1, "content_type": 9, "object_id": "12", "object_repr": "4etz65ddq4069zkgvhp37a8xv9plu664", "action_flag": 3, "change_message": ""}}, {"model": "admin.logentry", "pk": 71, "fields": {"action_time": "2024-08-30T06:41:39.546Z", "user": 1, "content_type": 9, "object_id": "9", "object_repr": "phzqua0dsib2dg4kujj209pynv12zubq", "action_flag": 3, "change_message": ""}}, {"model": "admin.logentry", "pk": 72, "fields": {"action_time": "2024-08-30T06:41:39.552Z", "user": 1, "content_type": 9, "object_id": "13", "object_repr": "pt4fbf5cvnh3woa6fmbr0749d2s5xeu3", "action_flag": 3, "change_message": ""}}, {"model": "admin.logentry", "pk": 73, "fields": {"action_time": "2024-08-30T06:41:39.558Z", "user": 1, "content_type": 9, "object_id": "10", "object_repr": "tgfuhf08v2hm7pdqx4zvp0razasjj1m6", "action_flag": 3, "change_message": ""}}, {"model": "admin.logentry", "pk": 74, "fields": {"action_time": "2024-08-30T06:44:10.925Z", "user": 1, "content_type": 10, "object_id": "58", "object_repr": "CartItem object (58)", "action_flag": 3, "change_message": ""}}, {"model": "admin.logentry", "pk": 75, "fields": {"action_time": "2024-08-30T06:44:10.934Z", "user": 1, "content_type": 10, "object_id": "56", "object_repr": "CartItem object (56)", "action_flag": 3, "change_message": ""}}, {"model": "admin.logentry", "pk": 76, "fields": {"action_time": "2024-08-30T06:44:10.941Z", "user": 1, "content_type": 10, "object_id": "55", "object_repr": "CartItem object (55)", "action_flag": 3, "change_message": ""}}, {"model": "admin.logentry", "pk": 77, "fields": {"action_time": "2024-08-30T06:46:57.914Z", "user": 1, "content_type": 10, "object_id": "60", "object_repr": "CartItem object (60)", "action_flag": 3, "change_message": ""}}, {"model": "admin.logentry", "pk": 78, "fields": {"action_time": "2024-08-30T06:46:57.929Z", "user": 1, "content_type": 10, "object_id": "59", "object_repr": "CartItem object (59)", "action_flag": 3, "change_message": ""}}, {"model": "admin.logentry", "pk": 79, "fields": {"action_time": "2024-08-30T07:06:58.263Z", "user": 1, "content_type": 10, "object_id": "63", "object_repr": "CartItem object (63)", "action_flag": 3, "change_message": ""}}, {"model": "admin.logentry", "pk": 80, "fields": {"action_time": "2024-08-30T07:06:58.275Z", "user": 1, "content_type": 10, "object_id": "62", "object_repr": "CartItem object (62)", "action_flag": 3, "change_message": ""}}, {"model": "admin.logentry", "pk": 81, "fields": {"action_time": "2024-08-30T07:06:58.283Z", "user": 1, "content_type": 10, "object_id": "61", "object_repr": "CartItem object (61)", "action_flag": 3, "change_message": ""}}, {"model": "admin.logentry", "pk": 82, "fields": {"action_time": "2024-09-04T10:32:50.423Z", "user": 1, "content_type": 15, "object_id": "3", "object_repr": "test", "action_flag": 3, "change_message": ""}}, {"model": "admin.logentry", "pk": 83, "fields": {"action_time": "2024-09-04T10:32:50.436Z", "user": 1, "content_type": 15, "object_id": "2", "object_repr": "test", "action_flag": 3, "change_message": ""}}, {"model": "admin.logentry", "pk": 84, "fields": {"action_time": "2024-09-04T10:32:50.451Z", "user": 1, "content_type": 15, "object_id": "1", "object_repr": "test", "action_flag": 3, "change_message": ""}}, {"model": "admin.logentry", "pk": 85, "fields": {"action_time": "2024-09-04T11:16:14.501Z", "user": 1, "content_type": 11, "object_id": "7", "object_repr": "Red", "action_flag": 1, "change_message": "[{\"added\": {}}]"}}, {"model": "admin.logentry", "pk": 86, "fields": {"action_time": "2024-09-04T11:16:31.325Z", "user": 1, "content_type": 11, "object_id": "8", "object_repr": "Medium", "action_flag": 1, "change_message": "[{\"added\": {}}]"}}, {"model": "admin.logentry", "pk": 87, "fields": {"action_time": "2024-09-04T11:16:31.497Z", "user": 1, "content_type": 11, "object_id": "9", "object_repr": "Medium", "action_flag": 1, "change_message": "[{\"added\": {}}]"}}, {"model": "admin.logentry", "pk": 88, "fields": {"action_time": "2024-09-04T11:17:06.219Z", "user": 1, "content_type": 8, "object_id": "3", "object_repr": "Great T Shirt", "action_flag": 2, "change_message": "[{\"changed\": {\"fields\": [\"Stock\"]}}]"}}, {"model": "admin.logentry", "pk": 89, "fields": {"action_time": "2024-09-04T11:28:51.360Z", "user": 1, "content_type": 15, "object_id": "6", "object_repr": "good", "action_flag": 1, "change_message": "[{\"added\": {}}]"}}, {"model": "admin.logentry", "pk": 90, "fields": {"action_time": "2024-09-04T11:51:14.090Z", "user": 1, "content_type": 15, "object_id": "6", "object_repr": "good", "action_flag": 2, "change_message": "[{\"changed\": {\"fields\": [\"Rating\"]}}]"}}, {"model": "admin.logentry", "pk": 91, "fields": {"action_time": "2024-09-04T12:01:39.517Z", "user": 1, "content_type": 15, "object_id": "6", "object_repr": "good", "action_flag": 2, "change_message": "[{\"changed\": {\"fields\": [\"Rating\"]}}]"}}, {"model": "admin.logentry", "pk": 92, "fields": {"action_time": "2024-09-04T12:01:52.029Z", "user": 1, "content_type": 15, "object_id": "6", "object_repr": "good", "action_flag": 2, "change_message": "[{\"changed\": {\"fields\": [\"Rating\"]}}]"}}, {"model": "admin.logentry", "pk": 93, "fields": {"action_time": "2024-09-04T12:02:04.829Z", "user": 1, "content_type": 15, "object_id": "6", "object_repr": "good", "action_flag": 2, "change_message": "[{\"changed\": {\"fields\": [\"Rating\"]}}]"}}, {"model": "admin.logentry", "pk": 94, "fields": {"action_time": "2024-09-04T12:02:14.384Z", "user": 1, "content_type": 15, "object_id": "6", "object_repr": "good", "action_flag": 2, "change_message": "[{\"changed\": {\"fields\": [\"Rating\"]}}]"}}, {"model": "admin.logentry", "pk": 95, "fields": {"action_time": "2024-09-04T12:29:49.378Z", "user": 1, "content_type": 15, "object_id": "6", "object_repr": "good", "action_flag": 2, "change_message": "[{\"changed\": {\"fields\": [\"Rating\"]}}]"}}, {"model": "admin.logentry", "pk": 96, "fields": {"action_time": "2024-09-04T12:29:53.146Z", "user": 1, "content_type": 15, "object_id": "6", "object_repr": "good", "action_flag": 2, "change_message": "[]"}}, {"model": "admin.logentry", "pk": 97, "fields": {"action_time": "2024-09-04T12:29:57.817Z", "user": 1, "content_type": 15, "object_id": "5", "object_repr": "good", "action_flag": 2, "change_message": "[]"}}, {"model": "admin.logentry", "pk": 98, "fields": {"action_time": "2024-09-04T12:30:02.498Z", "user": 1, "content_type": 15, "object_id": "4", "object_repr": "test", "action_flag": 2, "change_message": "[{\"changed\": {\"fields\": [\"Rating\"]}}]"}}, {"model": "admin.logentry", "pk": 99, "fields": {"action_time": "2024-09-04T12:36:28.743Z", "user": 1, "content_type": 15, "object_id": "6", "object_repr": "good", "action_flag": 2, "change_message": "[{\"changed\": {\"fields\": [\"Rating\"]}}]"}}, {"model": "admin.logentry", "pk": 100, "fields": {"action_time": "2024-09-06T07:18:57.230Z", "user": 1, "content_type": 16, "object_id": "1", "object_repr": "Rithin", "action_flag": 1, "change_message": "[{\"added\": {}}]"}}, {"model": "admin.logentry", "pk": 101, "fields": {"action_time": "2024-10-07T09:24:54.861Z", "user": 1, "content_type": 16, "object_id": "1", "object_repr": "Rithin", "action_flag": 2, "change_message": "[{\"changed\": {\"fields\": [\"Profile picture\"]}}]"}}, {"model": "admin.logentry", "pk": 102, "fields": {"action_time": "2024-10-07T09:37:42.693Z", "user": 1, "content_type": 16, "object_id": "1", "object_repr": "Rithin", "action_flag": 2, "change_message": "[{\"changed\": {\"fields\": [\"State\"]}}]"}}, {"model": "admin.logentry", "pk": 103, "fields": {"action_time": "2024-10-08T08:56:05.907Z", "user": 1, "content_type": 8, "object_id": "1", "object_repr": "ATX-Jeans", "action_flag": 2, "change_message": "[{\"added\": {\"name\": \"productgallery\", \"object\": \"ATX-Jeans\"}}]"}}, {"model": "admin.logentry", "pk": 104, "fields": {"action_time": "2024-10-08T08:57:05.444Z", "user": 1, "content_type": 8, "object_id": "1", "object_repr": "ATX-Jeans", "action_flag": 2, "change_message": "[{\"added\": {\"name\": \"productgallery\", \"object\": \"ATX-Jeans\"}}]"}}, {"model": "admin.logentry", "pk": 105, "fields": {"action_time": "2024-10-08T08:57:14.478Z", "user": 1, "content_type": 8, "object_id": "1", "object_repr": "ATX-Jeans", "action_flag": 2, "change_message": "[{\"added\": {\"name\": \"productgallery\", \"object\": \"ATX-Jeans\"}}]"}}, {"model": "admin.logentry", "pk": 106, "fields": {"action_time": "2024-10-08T09:31:37.216Z", "user": 1, "content_type": 8, "object_id": "1", "object_repr": "ATX-Jeans", "action_flag": 2, "change_message": "[]"}}, {"model": "admin.logentry", "pk": 107, "fields": {"action_time": "2024-10-08T09:47:55.189Z", "user": 1, "content_type": 8, "object_id": "1", "object_repr": "ATX-Jeans", "action_flag": 3, "change_message": ""}}, {"model": "admin.logentry", "pk": 108, "fields": {"action_time": "2024-10-08T09:51:48.439Z", "user": 1, "content_type": 8, "object_id": "9", "object_repr": "ATX JEANS", "action_flag": 1, "change_message": "[{\"added\": {}}, {\"added\": {\"name\": \"productgallery\", \"object\": \"ATX JEANS\"}}, {\"added\": {\"name\": \"productgallery\", \"object\": \"ATX JEANS\"}}, {\"added\": {\"name\": \"productgallery\", \"object\": \"ATX JEANS\"}}]"}}, {"model": "admin.logentry", "pk": 109, "fields": {"action_time": "2024-10-08T10:22:41.021Z", "user": 1, "content_type": 8, "object_id": "9", "object_repr": "ATX JEANS", "action_flag": 2, "change_message": "[{\"added\": {\"name\": \"productgallery\", \"object\": \"ATX JEANS\"}}]"}}, {"model": "admin.logentry", "pk": 110, "fields": {"action_time": "2024-10-08T10:23:19.219Z", "user": 1, "content_type": 8, "object_id": "9", "object_repr": "ATX JEANS", "action_flag": 2, "change_message": "[{\"added\": {\"name\": \"productgallery\", \"object\": \"ATX JEANS\"}}]"}}, {"model": "admin.logentry", "pk": 111, "fields": {"action_time": "2024-10-08T11:00:45.451Z", "user": 1, "content_type": 11, "object_id": "10", "object_repr": "Red", "action_flag": 1, "change_message": "[{\"added\": {}}]"}}, {"model": "admin.logentry", "pk": 112, "fields": {"action_time": "2024-10-08T11:00:53.386Z", "user": 1, "content_type": 11, "object_id": "11", "object_repr": "Medium", "action_flag": 1, "change_message": "[{\"added\": {}}]"}}, {"model": "auth.permission", "pk": 1, "fields": {"name": "Can add log entry", "content_type": 1, "codename": "add_logentry"}}, {"model": "auth.permission", "pk": 2, "fields": {"name": "Can change log entry", "content_type": 1, "codename": "change_logentry"}}, {"model": "auth.permission", "pk": 3, "fields": {"name": "Can delete log entry", "content_type": 1, "codename": "delete_logentry"}}, {"model": "auth.permission", "pk": 4, "fields": {"name": "Can view log entry", "content_type": 1, "codename": "view_logentry"}}, {"model": "auth.permission", "pk": 5, "fields": {"name": "Can add permission", "content_type": 2, "codename": "add_permission"}}, {"model": "auth.permission", "pk": 6, "fields": {"name": "Can change permission", "content_type": 2, "codename": "change_permission"}}, {"model": "auth.permission", "pk": 7, "fields": {"name": "Can delete permission", "content_type": 2, "codename": "delete_permission"}}, {"model": "auth.permission", "pk": 8, "fields": {"name": "Can view permission", "content_type": 2, "codename": "view_permission"}}, {"model": "auth.permission", "pk": 9, "fields": {"name": "Can add group", "content_type": 3, "codename": "add_group"}}, {"model": "auth.permission", "pk": 10, "fields": {"name": "Can change group", "content_type": 3, "codename": "change_group"}}, {"model": "auth.permission", "pk": 11, "fields": {"name": "Can delete group", "content_type": 3, "codename": "delete_group"}}, {"model": "auth.permission", "pk": 12, "fields": {"name": "Can view group", "content_type": 3, "codename": "view_group"}}, {"model": "auth.permission", "pk": 13, "fields": {"name": "Can add content type", "content_type": 4, "codename": "add_contenttype"}}, {"model": "auth.permission", "pk": 14, "fields": {"name": "Can change content type", "content_type": 4, "codename": "change_contenttype"}}, {"model": "auth.permission", "pk": 15, "fields": {"name": "Can delete content type", "content_type": 4, "codename": "delete_contenttype"}}, {"model": "auth.permission", "pk": 16, "fields": {"name": "Can view content type", "content_type": 4, "codename": "view_contenttype"}}, {"model": "auth.permission", "pk": 17, "fields": {"name": "Can add session", "content_type": 5, "codename": "add_session"}}, {"model": "auth.permission", "pk": 18, "fields": {"name": "Can change session", "content_type": 5, "codename": "change_session"}}, {"model": "auth.permission", "pk": 19, "fields": {"name": "Can delete session", "content_type": 5, "codename": "delete_session"}}, {"model": "auth.permission", "pk": 20, "fields": {"name": "Can view session", "content_type": 5, "codename": "view_session"}}, {"model": "auth.permission", "pk": 21, "fields": {"name": "Can add category", "content_type": 6, "codename": "add_category"}}, {"model": "auth.permission", "pk": 22, "fields": {"name": "Can change category", "content_type": 6, "codename": "change_category"}}, {"model": "auth.permission", "pk": 23, "fields": {"name": "Can delete category", "content_type": 6, "codename": "delete_category"}}, {"model": "auth.permission", "pk": 24, "fields": {"name": "Can view category", "content_type": 6, "codename": "view_category"}}, {"model": "auth.permission", "pk": 25, "fields": {"name": "Can add account", "content_type": 7, "codename": "add_account"}}, {"model": "auth.permission", "pk": 26, "fields": {"name": "Can change account", "content_type": 7, "codename": "change_account"}}, {"model": "auth.permission", "pk": 27, "fields": {"name": "Can delete account", "content_type": 7, "codename": "delete_account"}}, {"model": "auth.permission", "pk": 28, "fields": {"name": "Can view account", "content_type": 7, "codename": "view_account"}}, {"model": "auth.permission", "pk": 29, "fields": {"name": "Can add product", "content_type": 8, "codename": "add_product"}}, {"model": "auth.permission", "pk": 30, "fields": {"name": "Can change product", "content_type": 8, "codename": "change_product"}}, {"model": "auth.permission", "pk": 31, "fields": {"name": "Can delete product", "content_type": 8, "codename": "delete_product"}}, {"model": "auth.permission", "pk": 32, "fields": {"name": "Can view product", "content_type": 8, "codename": "view_product"}}, {"model": "auth.permission", "pk": 33, "fields": {"name": "Can add cart", "content_type": 9, "codename": "add_cart"}}, {"model": "auth.permission", "pk": 34, "fields": {"name": "Can change cart", "content_type": 9, "codename": "change_cart"}}, {"model": "auth.permission", "pk": 35, "fields": {"name": "Can delete cart", "content_type": 9, "codename": "delete_cart"}}, {"model": "auth.permission", "pk": 36, "fields": {"name": "Can view cart", "content_type": 9, "codename": "view_cart"}}, {"model": "auth.permission", "pk": 37, "fields": {"name": "Can add cart item", "content_type": 10, "codename": "add_cartitem"}}, {"model": "auth.permission", "pk": 38, "fields": {"name": "Can change cart item", "content_type": 10, "codename": "change_cartitem"}}, {"model": "auth.permission", "pk": 39, "fields": {"name": "Can delete cart item", "content_type": 10, "codename": "delete_cartitem"}}, {"model": "auth.permission", "pk": 40, "fields": {"name": "Can view cart item", "content_type": 10, "codename": "view_cartitem"}}, {"model": "auth.permission", "pk": 41, "fields": {"name": "Can add variation", "content_type": 11, "codename": "add_variation"}}, {"model": "auth.permission", "pk": 42, "fields": {"name": "Can change variation", "content_type": 11, "codename": "change_variation"}}, {"model": "auth.permission", "pk": 43, "fields": {"name": "Can delete variation", "content_type": 11, "codename": "delete_variation"}}, {"model": "auth.permission", "pk": 44, "fields": {"name": "Can view variation", "content_type": 11, "codename": "view_variation"}}, {"model": "auth.permission", "pk": 45, "fields": {"name": "Can add order product", "content_type": 12, "codename": "add_orderproduct"}}, {"model": "auth.permission", "pk": 46, "fields": {"name": "Can change order product", "content_type": 12, "codename": "change_orderproduct"}}, {"model": "auth.permission", "pk": 47, "fields": {"name": "Can delete order product", "content_type": 12, "codename": "delete_orderproduct"}}, {"model": "auth.permission", "pk": 48, "fields": {"name": "Can view order product", "content_type": 12, "codename": "view_orderproduct"}}, {"model": "auth.permission", "pk": 49, "fields": {"name": "Can add order", "content_type": 13, "codename": "add_order"}}, {"model": "auth.permission", "pk": 50, "fields": {"name": "Can change order", "content_type": 13, "codename": "change_order"}}, {"model": "auth.permission", "pk": 51, "fields": {"name": "Can delete order", "content_type": 13, "codename": "delete_order"}}, {"model": "auth.permission", "pk": 52, "fields": {"name": "Can view order", "content_type": 13, "codename": "view_order"}}, {"model": "auth.permission", "pk": 53, "fields": {"name": "Can add payment", "content_type": 14, "codename": "add_payment"}}, {"model": "auth.permission", "pk": 54, "fields": {"name": "Can change payment", "content_type": 14, "codename": "change_payment"}}, {"model": "auth.permission", "pk": 55, "fields": {"name": "Can delete payment", "content_type": 14, "codename": "delete_payment"}}, {"model": "auth.permission", "pk": 56, "fields": {"name": "Can view payment", "content_type": 14, "codename": "view_payment"}}, {"model": "auth.permission", "pk": 57, "fields": {"name": "Can add review rating", "content_type": 15, "codename": "add_reviewrating"}}, {"model": "auth.permission", "pk": 58, "fields": {"name": "Can change review rating", "content_type": 15, "codename": "change_reviewrating"}}, {"model": "auth.permission", "pk": 59, "fields": {"name": "Can delete review rating", "content_type": 15, "codename": "delete_reviewrating"}}, {"model": "auth.permission", "pk": 60, "fields": {"name": "Can view review rating", "content_type": 15, "codename": "view_reviewrating"}}, {"model": "auth.permission", "pk": 61, "fields": {"name": "Can add user profile", "content_type": 16, "codename": "add_userprofile"}}, {"model": "auth.permission", "pk": 62, "fields": {"name": "Can change user profile", "content_type": 16, "codename": "change_userprofile"}}, {"model": "auth.permission", "pk": 63, "fields": {"name": "Can delete user profile", "content_type": 16, "codename": "delete_userprofile"}}, {"model": "auth.permission", "pk": 64, "fields": {"name": "Can view user profile", "content_type": 16, "codename": "view_userprofile"}}, {"model": "auth.permission", "pk": 65, "fields": {"name": "Can add product gallery", "content_type": 17, "codename": "add_productgallery"}}, {"model": "auth.permission", "pk": 66, "fields": {"name": "Can change product gallery", "content_type": 17, "codename": "change_productgallery"}}, {"model": "auth.permission", "pk": 67, "fields": {"name": "Can delete product gallery", "content_type": 17, "codename": "delete_productgallery"}}, {"model": "auth.permission", "pk": 68, "fields": {"name": "Can view product gallery", "content_type": 17, "codename": "view_productgallery"}}, {"model": "contenttypes.contenttype", "pk": 1, "fields": {"app_label": "admin", "model": "logentry"}}, {"model": "contenttypes.contenttype", "pk": 2, "fields": {"app_label": "auth", "model": "permission"}}, {"model": "contenttypes.contenttype", "pk": 3, "fields": {"app_label": "auth", "model": "group"}}, {"model": "contenttypes.contenttype", "pk": 4, "fields": {"app_label": "contenttypes", "model": "contenttype"}}, {"model": "contenttypes.contenttype", "pk": 5, "fields": {"app_label": "sessions", "model": "session"}}, {"model": "contenttypes.contenttype", "pk": 6, "fields": {"app_label": "category", "model": "category"}}, {"model": "contenttypes.contenttype", "pk": 7, "fields": {"app_label": "accounts", "model": "account"}}, {"model": "contenttypes.contenttype", "pk": 8, "fields": {"app_label": "store", "model": "product"}}, {"model": "contenttypes.contenttype", "pk": 9, "fields": {"app_label": "carts", "model": "cart"}}, {"model": "contenttypes.contenttype", "pk": 10, "fields": {"app_label": "carts", "model": "cartitem"}}, {"model": "contenttypes.contenttype", "pk": 11, "fields": {"app_label": "store", "model": "variation"}}, {"model": "contenttypes.contenttype", "pk": 12, "fields": {"app_label": "orders", "model": "orderproduct"}}, {"model": "contenttypes.contenttype", "pk": 13, "fields": {"app_label": "orders", "model": "order"}}, {"model": "contenttypes.contenttype", "pk": 14, "fields": {"app_label": "orders", "model": "payment"}}, {"model": "contenttypes.contenttype", "pk": 15, "fields": {"app_label": "store", "model": "reviewrating"}}, {"model": "contenttypes.contenttype", "pk": 16, "fields": {"app_label": "accounts", "model": "userprofile"}}, {"model": "contenttypes.contenttype", "pk": 17, "fields": {"app_label": "store", "model": "productgallery"}}, {"model": "sessions.session", "pk": "5gwfmypfh3q8sjrcalp80r1xp74sr57f", "fields": {"session_data": ".eJxVjEEOwiAQRe_C2pCBmUJx6d4zkKEMUjVtUtqV8e7apAvd_vfef6nI21rj1mSJY1ZnZUmdfsfEw0OmneQ7T7dZD_O0LmPSu6IP2vR1zvK8HO7fQeVWv7UkIeOQvDEEJhAiQkAqtrPJejDecmAmNBIEPFDy4AhK70vvGF2n3h--nDYV:1sjXNA:_XFoKRGIohDeadYKRg3_g-mVZW7OTiEQKMSC_NrZbbM", "expire_date": "2024-09-12T05:07:04.142Z"}}, {"model": "sessions.session", "pk": "bx66ehfpk3cicqcccyksgl624oafubdi", "fields": {"session_data": ".eJxVjDsOwjAQBe_iGllef9eU9JzBsrMbHECOFCcV4u4QKQW0b2beS6S8rTVtnZc0kTgLEKffreThwW0HdM_tNsthbusyFbkr8qBdXmfi5-Vw_w5q7vVbK2QDrhRWkYONkA1aH41RSrsQoh9zAQ2oPSkbsRA6AvQ2-ACAo_Hi_QGqfTYF:1sl5ls:y_XVgCGxsLIXTUGu7q1ofw2Dtyy2deC66eulDr9tNDE", "expire_date": "2024-09-16T12:03:00.488Z"}}, {"model": "sessions.session", "pk": "c3ndkzc24kuo75368v8lic6p46fd5rad", "fields": {"session_data": "e30:1slo3i:nNB2bIF2uuSyJR17IXhvW2P-L8Se2uNu4fqqNtdQO0I", "expire_date": "2024-09-18T11:20:22.854Z"}}, {"model": "sessions.session", "pk": "ctg89br8e0n7st55f2a3cvxle2krbdmb", "fields": {"session_data": ".eJxVjDsOwjAQBe_iGllef9eU9JzBsrMbHECOFCcV4u4QKQW0b2beS6S8rTVtnZc0kTgLEKffreThwW0HdM_tNsthbusyFbkr8qBdXmfi5-Vw_w5q7vVbK2QDrhRWkYONkA1aH41RSrsQoh9zAQ2oPSkbsRA6AvQ2-ACAo_Hi_QGqfTYF:1sjydH:J9oeRmxJeEGPOpbeXC1ceqRaFeF-YLHwrtZJ_7DYT5s", "expire_date": "2024-09-13T10:13:31.463Z"}}, {"model": "sessions.session", "pk": "drar23scwrc3cgn3o6sa0lfaa3yz1t0i", "fields": {"session_data": ".eJxVjDsOwjAQBe_iGllef9eU9JzBsrMbHECOFCcV4u4QKQW0b2beS6S8rTVtnZc0kTgLEKffreThwW0HdM_tNsthbusyFbkr8qBdXmfi5-Vw_w5q7vVbK2QDrhRWkYONkA1aH41RSrsQoh9zAQ2oPSkbsRA6AvQ2-ACAo_Hi_QGqfTYF:1sy4Ke:wsEDAFTt3InO8dD7Run0SAPV7JCF9-hJ5GCGzRX1IQE", "expire_date": "2024-10-22T07:08:32.704Z"}}, {"model": "sessions.session", "pk": "jhps24j2v3ojz2ssz4euhelywpcvport", "fields": {"session_data": "e30:1sjwTv:14NaEV5O2PbnAxvXfXPXO7OSYV9uPCEkcG5FFcc_kZw", "expire_date": "2024-09-13T07:55:43.718Z"}}, {"model": "sessions.session", "pk": "k0zkoqxz58x2v9lcsqj48z7ia5nog54n", "fields": {"session_data": ".eJxVjEEOwiAQRe_C2hCgDBWX7j0DmYFBqgaS0q6MdzckXej2v_f-WwTctxL2zmtYkrgILU6_G2F8ch0gPbDem4ytbutCcijyoF3eWuLX9XD_Dgr2MmoghTGSc37yGhjJZAuUQU9MKs9RGwaMafZA1gBaVnxmVCZroxI78fkCBQg4pw:1seC38:puM_UVuWtIXjXKCaDZ3rJj_8QpV6uH_N7Z02oVuxz6Y", "expire_date": "2024-08-28T11:20:18.906Z"}}, {"model": "sessions.session", "pk": "k6z7dzlljq6k9f3nizomc2sevwn8exk7", "fields": {"session_data": ".eJxVjDkOwyAURO9CHSHALB-X6XMGxPIdkwUig6sod48tuXE5897Ml7iGreVaXC65u57f2Lp_fxwZuREgLbd6oIorbdVwIc6vfXZrw8XlREYiJDmVwccnlp2khy_3SmMtfcmB7go9aKO3mvB1PdzTwezbvK11AIiJAzDOFEQ7aQksmgECRFAJpWYBJzMltkUhdPAKjeHRM-lh0IL8_jIORho:1syZid:LY5YT_TjcpSI50mXFF0sVwmVGbIFxWEhgjXuMknkJHU", "expire_date": "2024-10-23T16:39:23.547Z"}}, {"model": "sessions.session", "pk": "l0d8cfmcdz0melf68fgekng5ht7jnfqs", "fields": {"session_data": "e30:1slPbO:zZwiMqL9CGlRzpiDXkLt2ce2sKJ7-tmfmuLfjbcypvU", "expire_date": "2024-09-17T09:13:30.784Z"}}, {"model": "sessions.session", "pk": "l4tw7ape3sdmk1d73t7d8ged3wmzu6oo", "fields": {"session_data": ".eJxVjDsOwjAQBe_iGllef9eU9JzBsrMbHECOFCcV4u4QKQW0b2beS6S8rTVtnZc0kTgLEKffreThwW0HdM_tNsthbusyFbkr8qBdXmfi5-Vw_w5q7vVbK2QDrhRWkYONkA1aH41RSrsQoh9zAQ2oPSkbsRA6AvQ2-ACAo_Hi_QGqfTYF:1slPcB:UMeTtulW50Zkr-tpNApa5Y-NWgVxVc9QCSZjAeGfw80", "expire_date": "2024-09-17T09:14:19.959Z"}}, {"model": "sessions.session", "pk": "l75udz01z1lvbl80xhk0wirvx6176mf3", "fields": {"session_data": ".eJxVjEEOwiAQRe_C2pCBmUJx6d4zkKEMUjVtUtqV8e7apAvd_vfef6nI21rj1mSJY1ZnZUmdfsfEw0OmneQ7T7dZD_O0LmPSu6IP2vR1zvK8HO7fQeVWv7UkIeOQvDEEJhAiQkAqtrPJejDecmAmNBIEPFDy4AhK70vvGF2n3h--nDYV:1smVDD:FLMcUIDpTfaF7deiOPvyhctml7lvNu8sOyMHmV4CW-k", "expire_date": "2024-09-20T09:25:03.125Z"}}, {"model": "sessions.session", "pk": "s55o53twigvzqkrl1opbtgstr9tkz038", "fields": {"session_data": ".eJxVjDsOwjAQBe_iGllef9eU9JzBsrMbHECOFCcV4u4QKQW0b2beS6S8rTVtnZc0kTgLEKffreThwW0HdM_tNsthbusyFbkr8qBdXmfi5-Vw_w5q7vVbK2QDrhRWkYONkA1aH41RSrsQoh9zAQ2oPSkbsRA6AvQ2-ACAo_Hi_QGqfTYF:1sxjya:d3OhL8XXQOw_vdxt_VZ7XNqNZRRKJzD8Xyj8XLaJbEE", "expire_date": "2024-10-21T09:24:24.224Z"}}, {"model": "sessions.session", "pk": "twdffqj3d5h2tx4h36id3ldwctg5gr0g", "fields": {"session_data": ".eJxVjDsOwjAQBe_iGllef9eU9JzBsrMbHECOFCcV4u4QKQW0b2beS6S8rTVtnZc0kTgLEKffreThwW0HdM_tNsthbusyFbkr8qBdXmfi5-Vw_w5q7vVbK2QDrhRWkYONkA1aH41RSrsQoh9zAQ2oPSkbsRA6AvQ2-ACAo_Hi_QGqfTYF:1sgNSH:Q2fPBYTNhplQl7XPDRkHSGFfs0XJ1_oWQzc0NfEQM3s", "expire_date": "2024-09-03T11:55:17.735Z"}}, {"model": "category.category", "pk": 1, "fields": {"category_name": "Shirts", "slug": "shirts", "description": "This is a demo category", "cat_image": "photos/categories/shirts.jpg"}}, {"model": "category.category", "pk": 2, "fields": {"category_name": "T-Shirt", "slug": "t-shirt", "description": "This is a demo description", "cat_image": "photos/categories/tshirts.jpg"}}, {"model": "category.category", "pk": 3, "fields": {"category_name": "Shoes", "slug": "shoes", "description": "This is shoes category", "cat_image": "photos/categories/shoes.png"}}, {"model": "category.category", "pk": 4, "fields": {"category_name": "Jacket", "slug": "jacket", "description": "This is jacket category", "cat_image": "photos/categories/jackets.jpg"}}, {"model": "category.category", "pk": 5, "fields": {"category_name": "Jeans", "slug": "jeans", "description": "This is jeans category", "cat_image": "photos/categories/jeans.jpg"}}, {"model": "accounts.account", "pk": 1, "fields": {"password": "pbkdf2_sha256$720000$r1WeCxDLyUMtFrED0up5Yk$wTQ9r19TF2aXUeETL4fVY4qPAjOIXoWuM5XRX6JOPtM=", "first_name": "Rithin", "last_name": "Shibu John", "username": "greatkartadmin", "email": "rithinshibujohn@gmail.com", "phone_number": "", "date_joined": "2024-08-13T12:11:05.170Z", "last_login": "2024-10-08T07:08:32.694Z", "is_admin": true, "is_staff": true, "is_active": true, "is_superadmin": true}}, {"model": "accounts.account", "pk": 24, "fields": {"password": "pbkdf2_sha256$720000$S2LUTYSB80UoMFmULdJ1Rz$TfkXfHlk1lY1R8EBxVbMIHTVLiXhTkz3WiJPCKxeLuw=", "first_name": "Rithin", "last_name": "Kayamkulam", "username": "rithinthiruvalla", "email": "rithinthiruvalla@gmail.com", "phone_number": "9400280508", "date_joined": "2024-08-27T09:24:09.256Z", "last_login": "2024-10-09T16:39:01.488Z", "is_admin": false, "is_staff": false, "is_active": true, "is_superadmin": false}}, {"model": "accounts.account", "pk": 25, "fields": {"password": "pbkdf2_sha256$720000$eGrAnSD6UWiZlmL3DzXbLR$Eo0bf/0TXjkqG/ErfHbauy1tA62i0F0r4ds6B3O3zc8=", "first_name": "Kevin", "last_name": "Abraham", "username": "kevin11", "email": "kevin11@gmail.com", "phone_number": "1234567890", "date_joined": "2024-10-07T08:12:18.678Z", "last_login": "2024-10-07T08:12:18.678Z", "is_admin": false, "is_staff": false, "is_active": false, "is_superadmin": false}}, {"model": "accounts.account", "pk": 26, "fields": {"password": "pbkdf2_sha256$720000$EikFyPu62wdZ6D7PpkQ4yB$RaRn6dPUiEI6wwK5R42l+JiYvY9kPlfk0YIbzCnDny4=", "first_name": "Royal", "last_name": "Thiruvalla", "username": "rithinmedia", "email": "rithinmedia@gmail.com", "phone_number": "1234567890", "date_joined": "2024-10-07T08:15:23.038Z", "last_login": "2024-10-07T08:18:10.111Z", "is_admin": false, "is_staff": false, "is_active": true, "is_superadmin": false}}, {"model": "accounts.account", "pk": 27, "fields": {"password": "pbkdf2_sha256$720000$PRj5iTAZTI9MF4YvWGFVYZ$evfyX0tRcTjoHsYwpldmDxWFRlPs7b82TDu70qDx8kY=", "first_name": "Varghese", "last_name": "John", "username": "varghese", "email": "varghese@gmail.com", "phone_number": "1234567890", "date_joined": "2024-10-07T09:23:58.679Z", "last_login": "2024-10-07T09:23:58.679Z", "is_admin": false, "is_staff": false, "is_active": false, "is_superadmin": false}}, {"model": "accounts.userprofile", "pk": 1, "fields": {"user": 24, "address_line_1": "Valayil House", "address_line_2": "Chulna Road, Manickpur", "profile_picture": "userprofile/363640-200_wO043Fv.png", "city": "Vasai West, Mumbai", "state": "Tamil Nadu", "country": "India"}}, {"model": "accounts.userprofile", "pk": 2, "fields": {"user": 25, "address_line_1": "", "address_line_2": "", "profile_picture": "default/default-user.png", "city": "", "state": "", "country": ""}}, {"model": "accounts.userprofile", "pk": 3, "fields": {"user": 26, "address_line_1": "", "address_line_2": "", "profile_picture": "default/default-user.png", "city": "", "state": "", "country": ""}}, {"model": "accounts.userprofile", "pk": 4, "fields": {"user": 27, "address_line_1": "", "address_line_2": "", "profile_picture": "default/default-user.png", "city": "", "state": "", "country": ""}}, {"model": "store.product", "pk": 2, "fields": {"product_name": "RXN Blue Shirt", "slug": "rxn-blue-shirt", "description": "Lorem Ipsum is simply dummy text of the printing and typesetting industry. Lorem Ipsum has been the industry's standard dummy text ever since the 1500s, when an unknown printer took a galley of type and scrambled it to make a type specimen book. It has survived not only five centuries, but also the leap into electronic typesetting, remaining essentially unchanged. It was popularised in the 1960s with the release of Letraset sheets containing Lorem Ipsum passages, and more recently with desktop p", "price": 99, "images": "photos/products/Blue-Shirt.jpg", "stock": 199, "is_available": true, "category": 1, "created_date": "2024-08-16T11:02:21.255Z", "modified_date": "2024-10-08T11:02:01.660Z"}}, {"model": "store.product", "pk": 3, "fields": {"product_name": "Great T Shirt", "slug": "great-t-shirt", "description": "Lorem Ipsum is simply dummy text of the printing and typesetting industry. Lorem Ipsum has been the industry's standard dummy text ever since the 1500s, when an unknown printer took a galley of type and scrambled it to make a type specimen book. It has survived not only five centuries, but also the leap into electronic typesetting, remaining essentially unchanged. It was popularised in the 1960s with the release of Letraset sheets containing Lorem Ipsum passages, and more recently with desktop p", "price": 119, "images": "photos/products/Great-Tshirt.jpg", "stock": 99, "is_available": true, "category": 2, "created_date": "2024-08-16T11:03:03.155Z", "modified_date": "2024-09-04T11:21:41.782Z"}}, {"model": "store.product", "pk": 4, "fields": {"product_name": "Wrangler Jeans", "slug": "wrangler-jeans", "description": "Lorem Ipsum is simply dummy text of the printing and typesetting industry. Lorem Ipsum has been the industry's standard dummy text ever since the 1500s, when an unknown printer took a galley of type and scrambled it to make a type specimen book. It has survived not only five centuries, but also the leap into electronic typesetting, remaining essentially unchanged. It was popularised in the 1960s with the release of Letraset sheets containing Lorem Ipsum passages, and more recently with desktop p", "price": 299, "images": "photos/products/image1.jpg", "stock": 100, "is_available": true, "category": 5, "created_date": "2024-08-16T11:03:45.949Z", "modified_date": "2024-08-16T11:03:45.950Z"}}, {"model": "store.product", "pk": 5, "fields": {"product_name": "Jordan Basket Ball Shoes", "slug": "jordan-basket-ball-shoes", "description": "Lorem Ipsum is simply dummy text of the printing and typesetting industry. Lorem Ipsum has been the industry's standard dummy text ever since the 1500s, when an unknown printer took a galley of type and scrambled it to make a type specimen book. It has survived not only five centuries, but also the leap into electronic typesetting, remaining essentially unchanged. It was popularised in the 1960s with the release of Letraset sheets containing Lorem Ipsum passages, and more recently with desktop p", "price": 899, "images": "photos/products/jordan-true-flight-basketball-shoes.jpg", "stock": 200, "is_available": true, "category": 3, "created_date": "2024-08-16T11:04:33.234Z", "modified_date": "2024-08-16T11:04:33.234Z"}}, {"model": "store.product", "pk": 6, "fields": {"product_name": "Puma Ferrari Shoes", "slug": "puma-ferrari-shoes", "description": "Lorem Ipsum is simply dummy text of the printing and typesetting industry. Lorem Ipsum has been the industry's standard dummy text ever since the 1500s, when an unknown printer took a galley of type and scrambled it to make a type specimen book. It has survived not only five centuries, but also the leap into electronic typesetting, remaining essentially unchanged. It was popularised in the 1960s with the release of Letraset sheets containing Lorem Ipsum passages, and more recently with desktop p", "price": 1099, "images": "photos/products/Puma-Ferrari-Shoes.jpg", "stock": 500, "is_available": true, "category": 3, "created_date": "2024-08-16T11:05:11.063Z", "modified_date": "2024-08-16T11:05:11.063Z"}}, {"model": "store.product", "pk": 7, "fields": {"product_name": "US  Polo Assn Jacket", "slug": "us-polo-assn-jacket", "description": "Lorem Ipsum is simply dummy text of the printing and typesetting industry. Lorem Ipsum has been the industry's standard dummy text ever since the 1500s, when an unknown printer took a galley of type and scrambled it to make a type specimen book. It has survived not only five centuries, but also the leap into electronic typesetting, remaining essentially unchanged. It was popularised in the 1960s with the release of Letraset sheets containing Lorem Ipsum passages, and more recently with desktop p", "price": 799, "images": "photos/products/US-Polo-Assn_Jacket.jpg", "stock": 100, "is_available": true, "category": 4, "created_date": "2024-08-16T11:06:03.248Z", "modified_date": "2024-08-16T11:06:03.248Z"}}, {"model": "store.product", "pk": 8, "fields": {"product_name": "Wrangler Mens Shirt", "slug": "wrangler-mens-shirt", "description": "Lorem Ipsum is simply dummy text of the printing and typesetting industry. Lorem Ipsum has been the industry's standard dummy text ever since the 1500s, when an unknown printer took a galley of type and scrambled it to make a type specimen book. It has survived not only five centuries, but also the leap into electronic typesetting, remaining essentially unchanged. It was popularised in the 1960s with the release of Letraset sheets containing Lorem Ipsum passages, and more recently with desktop p", "price": 399, "images": "photos/products/Wrangler-Shirt.jpg", "stock": 200, "is_available": true, "category": 1, "created_date": "2024-08-16T11:06:44.454Z", "modified_date": "2024-08-16T11:06:44.454Z"}}, {"model": "store.product", "pk": 9, "fields": {"product_name": "ATX JEANS", "slug": "atx-jeans", "description": "ATX JEANS", "price": 300, "images": "photos/products/ATX-Jeans_8R7WMPH.jpg", "stock": 100, "is_available": true, "category": 5, "created_date": "2024-10-08T09:51:48.420Z", "modified_date": "2024-10-08T10:23:19.210Z"}}, {"model": "store.variation", "pk": 7, "fields": {"product": 3, "variation_category": "color", "variation_value": "Red", "is_active": true, "created_date": "2024-09-04T11:16:14.494Z"}}, {"model": "store.variation", "pk": 8, "fields": {"product": 3, "variation_category": "size", "variation_value": "Medium", "is_active": true, "created_date": "2024-09-04T11:16:31.316Z"}}, {"model": "store.variation", "pk": 9, "fields": {"product": 3, "variation_category": "size", "variation_value": "Medium", "is_active": true, "created_date": "2024-09-04T11:16:31.495Z"}}, {"model": "store.variation", "pk": 10, "fields": {"product": 2, "variation_category": "color", "variation_value": "Red", "is_active": true, "created_date": "2024-10-08T11:00:45.438Z"}}, {"model": "store.variation", "pk": 11, "fields": {"product": 2, "variation_category": "size", "variation_value": "Medium", "is_active": true, "created_date": "2024-10-08T11:00:53.384Z"}}, {"model": "store.reviewrating", "pk": 5, "fields": {"product": 3, "user": 24, "subject": "good", "review": "grth", "rating": 1.5, "ip": "127.0.0.1", "status": true, "created_at": "2024-09-04T11:22:09.404Z", "updated_at": "2024-09-04T11:22:09.404Z"}}, {"model": "store.productgallery", "pk": 4, "fields": {"product": 9, "image": "store/products/ATX-Jeans.jpg"}}, {"model": "store.productgallery", "pk": 5, "fields": {"product": 9, "image": "store/products/ATX-Jeans_8KiAnf7.jpg"}}, {"model": "store.productgallery", "pk": 6, "fields": {"product": 9, "image": "store/products/ATX-Jeans_ie6WBCs.jpg"}}, {"model": "store.productgallery", "pk": 7, "fields": {"product": 9, "image": "store/products/jordan-true-flight-basketball-shoes.jpg"}}, {"model": "store.productgallery", "pk": 8, "fields": {"product": 9, "image": "store/products/1593781920918222-0_4BKpWOL.jpg"}}, {"model": "carts.cart", "pk": 14, "fields": {"cart_id": "hm39j2n1drg7zbhsz51enburqy9oq0im", "date_added": "2024-08-30"}}, {"model": "carts.cart", "pk": 15, "fields": {"cart_id": "c4stsdfyxxlji6peyrqn486kcwk0jefk", "date_added": "2024-08-30"}}, {"model": "carts.cart", "pk": 16, "fields": {"cart_id": "mf1c4niiztdlg0fxh0koeripyizjqjl3", "date_added": "2024-08-30"}}, {"model": "carts.cart", "pk": 17, "fields": {"cart_id": "xsyejzewza8brhckiu032uxxk4ztktec", "date_added": "2024-08-30"}}, {"model": "carts.cart", "pk": 18, "fields": {"cart_id": "zcfczqoaczebf8vp2i25i0688qylkkxe", "date_added": "2024-08-30"}}, {"model": "carts.cart", "pk": 19, "fields": {"cart_id": "walknjvhi6zfves3t3qzvtk3iw7hchis", "date_added": "2024-08-30"}}, {"model": "carts.cart", "pk": 20, "fields": {"cart_id": "2t945ln47fr24nt8kt16shrb0irjqo4r", "date_added": "2024-08-30"}}, {"model": "carts.cart", "pk": 21, "fields": {"cart_id": "0vtr9769gt4c8hlzrzjyuuxycwu7pov0", "date_added": "2024-08-30"}}, {"model": "carts.cart", "pk": 22, "fields": {"cart_id": "59r0wjwqawc9537qd39zk7dymg7tztkf", "date_added": "2024-08-30"}}, {"model": "carts.cart", "pk": 23, "fields": {"cart_id": "c7ghl85zh07fx52lnpk91xesadkdeeuz", "date_added": "2024-08-30"}}, {"model": "carts.cart", "pk": 24, "fields": {"cart_id": "yvbb4n3w00krtdxnlxo6eyx97wkf3lyc", "date_added": "2024-08-30"}}, {"model": "carts.cart", "pk": 25, "fields": {"cart_id": "1m9pdj59ljfs8i46kn7l2ec5c3tg1684", "date_added": "2024-08-30"}}, {"model": "carts.cart", "pk": 26, "fields": {"cart_id": "30qr5h1xggj2jmwe5vf56ippwxib6enl", "date_added": "2024-08-30"}}, {"model": "carts.cart", "pk": 27, "fields": {"cart_id": "35jep2yt30ob72lgh2un8yqi38hxm0gc", "date_added": "2024-08-30"}}, {"model": "carts.cart", "pk": 28, "fields": {"cart_id": "vrwck6yyd2ksilpwa4r4vl2p0z8135jq", "date_added": "2024-08-30"}}, {"model": "carts.cart", "pk": 29, "fields": {"cart_id": "sd14ayu2l51vnuxgfxe2za9emi70xs7z", "date_added": "2024-08-30"}}, {"model": "carts.cart", "pk": 30, "fields": {"cart_id": "xp4tc7l2dvbzqxez6puj8si629b7a5eg", "date_added": "2024-09-02"}}, {"model": "carts.cart", "pk": 31, "fields": {"cart_id": "nlzxoucj4ou07kiuo53sdje8vawzaii6", "date_added": "2024-09-03"}}, {"model": "carts.cart", "pk": 32, "fields": {"cart_id": "2nj1vynob9r97lim3oebyqawr9zeiprq", "date_added": "2024-09-03"}}, {"model": "carts.cart", "pk": 33, "fields": {"cart_id": "q0fzcj4f07f2vlbgfhlzqwzwnbmwo3ug", "date_added": "2024-09-04"}}, {"model": "carts.cart", "pk": 34, "fields": {"cart_id": "ehlbe9sz16cpc617xqxzyt5qqqs0sxtq", "date_added": "2024-09-04"}}, {"model": "carts.cart", "pk": 35, "fields": {"cart_id": "2qc7ohabxo3qf6o6fs23eqhe3h4k2c63", "date_added": "2024-09-04"}}, {"model": "carts.cart", "pk": 36, "fields": {"cart_id": "pdgx3xef05csat9w16o0wjqi4z3yn0ap", "date_added": "2024-10-07"}}, {"model": "carts.cart", "pk": 37, "fields": {"cart_id": "6g12oh3yeqvxkyvoxodw27w70kkdlccm", "date_added": "2024-10-08"}}, {"model": "carts.cartitem", "pk": 86, "fields": {"user": 1, "product": 3, "cart": null, "quantity": 1, "is_active": true, "variations": [7]}}, {"model": "orders.payment", "pk": 1, "fields": {"user": 24, "payment_id": "6LX93058E4564331E", "payment_method": "Paypal", "amount_paid": "608.94", "status": "COMPLETED", "created_at": "2024-09-02T12:02:27.018Z"}}, {"model": "orders.payment", "pk": 2, "fields": {"user": 24, "payment_id": "7HM66858X76785648", "payment_method": "Paypal", "amount_paid": "811.92", "status": "COMPLETED", "created_at": "2024-09-03T05:37:08.218Z"}}, {"model": "orders.payment", "pk": 3, "fields": {"user": 24, "payment_id": "5TM16737LY684980L", "payment_method": "Paypal", "amount_paid": "811.92", "status": "COMPLETED", "created_at": "2024-09-03T09:17:06.571Z"}}, {"model": "orders.payment", "pk": 4, "fields": {"user": 24, "payment_id": "8K6811681P991714R", "payment_method": "Paypal", "amount_paid": "811.92", "status": "COMPLETED", "created_at": "2024-09-03T09:55:48.027Z"}}, {"model": "orders.payment", "pk": 5, "fields": {"user": 24, "payment_id": "21H42916S38118201", "payment_method": "Paypal", "amount_paid": "202.98", "status": "COMPLETED", "created_at": "2024-09-03T10:00:35.541Z"}}, {"model": "orders.payment", "pk": 6, "fields": {"user": 24, "payment_id": "9L261546H5555920W", "payment_method": "Paypal", "amount_paid": "405.96", "status": "COMPLETED", "created_at": "2024-09-03T10:04:34.416Z"}}, {"model": "orders.payment", "pk": 7, "fields": {"user": 24, "payment_id": "61447128F0623094B", "payment_method": "Paypal", "amount_paid": "405.96", "status": "COMPLETED", "created_at": "2024-09-03T10:12:22.012Z"}}, {"model": "orders.payment", "pk": 8, "fields": {"user": 24, "payment_id": "66604277EL987391U", "payment_method": "Paypal", "amount_paid": "405.96", "status": "COMPLETED", "created_at": "2024-09-03T10:15:46.734Z"}}, {"model": "orders.payment", "pk": 9, "fields": {"user": 24, "payment_id": "7M17762401159654P", "payment_method": "Paypal", "amount_paid": "405.96", "status": "COMPLETED", "created_at": "2024-09-03T10:26:02.113Z"}}, {"model": "orders.payment", "pk": 10, "fields": {"user": 24, "payment_id": "1RB30080G1673621N", "payment_method": "Paypal", "amount_paid": "405.96", "status": "COMPLETED", "created_at": "2024-09-03T10:27:55.675Z"}}, {"model": "orders.payment", "pk": 11, "fields": {"user": 24, "payment_id": "5WC59911WM526722W", "payment_method": "Paypal", "amount_paid": "405.96", "status": "COMPLETED", "created_at": "2024-09-03T10:30:47.818Z"}}, {"model": "orders.payment", "pk": 12, "fields": {"user": 24, "payment_id": "82273661W2649301B", "payment_method": "Paypal", "amount_paid": "202.98", "status": "COMPLETED", "created_at": "2024-09-03T10:52:19.818Z"}}, {"model": "orders.payment", "pk": 13, "fields": {"user": 24, "payment_id": "95B418496N0512605", "payment_method": "Paypal", "amount_paid": "202.98", "status": "COMPLETED", "created_at": "2024-09-03T10:59:37.478Z"}}, {"model": "orders.payment", "pk": 14, "fields": {"user": 24, "payment_id": "0VX842967X998131W", "payment_method": "Paypal", "amount_paid": "202.98", "status": "COMPLETED", "created_at": "2024-09-03T11:01:43.196Z"}}, {"model": "orders.payment", "pk": 15, "fields": {"user": 24, "payment_id": "17V059269K877201C", "payment_method": "Paypal", "amount_paid": "202.98", "status": "COMPLETED", "created_at": "2024-09-03T12:07:49.752Z"}}, {"model": "orders.payment", "pk": 16, "fields": {"user": 24, "payment_id": "8E0105963A747241S", "payment_method": "Paypal", "amount_paid": "202.98", "status": "COMPLETED", "created_at": "2024-09-03T12:19:10.745Z"}}, {"model": "orders.payment", "pk": 17, "fields": {"user": 24, "payment_id": "6M7583971D4778203", "payment_method": "Paypal", "amount_paid": "202.98", "status": "COMPLETED", "created_at": "2024-09-03T12:21:08.244Z"}}, {"model": "orders.payment", "pk": 18, "fields": {"user": 24, "payment_id": "19H664478G871481D", "payment_method": "Paypal", "amount_paid": "202.98", "status": "COMPLETED", "created_at": "2024-09-03T12:23:42.426Z"}}, {"model": "orders.payment", "pk": 19, "fields": {"user": 24, "payment_id": "5JN59445E6036000M", "payment_method": "Paypal", "amount_paid": "202.98", "status": "COMPLETED", "created_at": "2024-09-03T12:43:58.119Z"}}, {"model": "orders.payment", "pk": 20, "fields": {"user": 24, "payment_id": "7SG50889GJ490742X", "payment_method": "Paypal", "amount_paid": "405.96", "status": "COMPLETED", "created_at": "2024-09-03T12:59:29.128Z"}}, {"model": "orders.payment", "pk": 21, "fields": {"user": 24, "payment_id": "1ST340167X436093K", "payment_method": "Paypal", "amount_paid": "202.98", "status": "COMPLETED", "created_at": "2024-09-04T04:59:13.452Z"}}, {"model": "orders.payment", "pk": 22, "fields": {"user": 24, "payment_id": "5RT10628BA666873D", "payment_method": "Paypal", "amount_paid": "121.38", "status": "COMPLETED", "created_at": "2024-09-04T11:21:41.656Z"}}, {"model": "orders.payment", "pk": 23, "fields": {"user": 24, "payment_id": "0Y072173DF206790K", "payment_method": "Paypal", "amount_paid": "100.98", "status": "COMPLETED", "created_at": "2024-10-08T11:02:01.485Z"}}, {"model": "orders.order", "pk": 1, "fields": {"user": null, "payment": null, "order_number": "", "first_name": "Rithin", "last_name": "Thiruvalla", "phone": "9400280508", "email": "rithinthiruvalla@gmail.com", "address_line_1": "Valayil", "address_line_2": "Thengeli.P.O`", "country": "India", "state": "Kerala", "city": "Thiruvalla", "order_note": "test note", "order_total": 405.96, "tax": 7.96, "status": "", "ip": "127.0.0.1", "is_ordered": false, "created_at": "2024-08-30T11:07:04.167Z", "updated_at": "2024-08-30T11:07:04.167Z"}}, {"model": "orders.order", "pk": 2, "fields": {"user": null, "payment": null, "order_number": "202408302", "first_name": "Rithin", "last_name": "Thiruvalla", "phone": "9400280508", "email": "rithinthiruvalla@gmail.com", "address_line_1": "Valayil", "address_line_2": "Thengeli.P.O`", "country": "India", "state": "Kerala", "city": "Thiruvalla", "order_note": "test note", "order_total": 405.96, "tax": 7.96, "status": "", "ip": "127.0.0.1", "is_ordered": false, "created_at": "2024-08-30T11:08:09.898Z", "updated_at": "2024-08-30T11:08:09.931Z"}}, {"model": "orders.order", "pk": 3, "fields": {"user": 24, "payment": null, "order_number": "202408303", "first_name": "Rithin", "last_name": "Thiruvalla", "phone": "9400280508", "email": "rithinthiruvalla@gmail.com", "address_line_1": "Valayil", "address_line_2": "Thengeli.P.O`", "country": "India", "state": "Kerala", "city": "Thiruvalla", "order_note": "hk", "order_total": 405.96, "tax": 7.96, "status": "", "ip": "127.0.0.1", "is_ordered": false, "created_at": "2024-08-30T11:11:41.962Z", "updated_at": "2024-08-30T11:11:41.991Z"}}, {"model": "orders.order", "pk": 4, "fields": {"user": 24, "payment": null, "order_number": "202408304", "first_name": "Rithin", "last_name": "John", "phone": "9400280508", "email": "rithinthiruvalla@gmail.com", "address_line_1": "gfbvb", "address_line_2": "Thengeli.P.O`", "country": "India", "state": "bbbbb", "city": "Thiruvalla", "order_note": "b b b", "order_total": 405.96, "tax": 7.96, "status": "", "ip": "127.0.0.1", "is_ordered": false, "created_at": "2024-08-30T11:30:50.847Z", "updated_at": "2024-08-30T11:30:50.863Z"}}, {"model": "orders.order", "pk": 5, "fields": {"user": 24, "payment": null, "order_number": "202408305", "first_name": "Rithin", "last_name": "John", "phone": "9400280508", "email": "rithinthiruvalla@gmail.com", "address_line_1": "gfbvb", "address_line_2": "Thengeli.P.O`", "country": "India", "state": "bbbbb", "city": "Thiruvalla", "order_note": "b b b", "order_total": 405.96, "tax": 7.96, "status": "", "ip": "127.0.0.1", "is_ordered": false, "created_at": "2024-08-30T11:33:06.475Z", "updated_at": "2024-08-30T11:33:06.504Z"}}, {"model": "orders.order", "pk": 6, "fields": {"user": 24, "payment": null, "order_number": "202408306", "first_name": "Rithin", "last_name": "John", "phone": "9400280508", "email": "rithinthiruvalla@gmail.com", "address_line_1": "gfbvb", "address_line_2": "Thengeli.P.O`", "country": "India", "state": "bbbbb", "city": "Thiruvalla", "order_note": "b b b", "order_total": 405.96, "tax": 7.96, "status": "", "ip": "127.0.0.1", "is_ordered": false, "created_at": "2024-08-30T11:34:33.677Z", "updated_at": "2024-08-30T11:34:33.693Z"}}, {"model": "orders.order", "pk": 7, "fields": {"user": 24, "payment": null, "order_number": "202408307", "first_name": "Rithin", "last_name": "John", "phone": "9400280508", "email": "rithinthiruvalla@gmail.com", "address_line_1": "gfbvb", "address_line_2": "Thengeli.P.O`", "country": "India", "state": "bbbbb", "city": "Thiruvalla", "order_note": "b b b", "order_total": 405.96, "tax": 7.96, "status": "", "ip": "127.0.0.1", "is_ordered": false, "created_at": "2024-08-30T11:35:32.615Z", "updated_at": "2024-08-30T11:35:32.631Z"}}, {"model": "orders.order", "pk": 8, "fields": {"user": 24, "payment": null, "order_number": "202408308", "first_name": "Rithin", "last_name": "John", "phone": "9400280508", "email": "rithinthiruvalla@gmail.com", "address_line_1": "gfbvb", "address_line_2": "Thengeli.P.O`", "country": "India", "state": "bbbbb", "city": "Thiruvalla", "order_note": "b b b", "order_total": 405.96, "tax": 7.96, "status": "", "ip": "127.0.0.1", "is_ordered": false, "created_at": "2024-08-30T11:36:15.359Z", "updated_at": "2024-08-30T11:36:15.379Z"}}, {"model": "orders.order", "pk": 9, "fields": {"user": 24, "payment": null, "order_number": "202408309", "first_name": "Rithin", "last_name": "John", "phone": "9400280508", "email": "rithinthiruvalla@gmail.com", "address_line_1": "gfbvb", "address_line_2": "Thengeli.P.O`", "country": "India", "state": "bbbbb", "city": "Thiruvalla", "order_note": "b b b", "order_total": 405.96, "tax": 7.96, "status": "", "ip": "127.0.0.1", "is_ordered": false, "created_at": "2024-08-30T11:36:59.381Z", "updated_at": "2024-08-30T11:36:59.405Z"}}, {"model": "orders.order", "pk": 10, "fields": {"user": 24, "payment": null, "order_number": "2024083010", "first_name": "Rithin", "last_name": "John", "phone": "9400280508", "email": "rithinthiruvalla@gmail.com", "address_line_1": "gfbvb", "address_line_2": "Thengeli.P.O`", "country": "India", "state": "bbbbb", "city": "Thiruvalla", "order_note": "b b b", "order_total": 405.96, "tax": 7.96, "status": "", "ip": "127.0.0.1", "is_ordered": false, "created_at": "2024-08-30T11:38:35.109Z", "updated_at": "2024-08-30T11:38:35.127Z"}}, {"model": "orders.order", "pk": 11, "fields": {"user": 24, "payment": null, "order_number": "2024083011", "first_name": "Rithin", "last_name": "John", "phone": "9400280508", "email": "rithinthiruvalla@gmail.com", "address_line_1": "gfbvb", "address_line_2": "Thengeli.P.O`", "country": "India", "state": "bbbbb", "city": "Thiruvalla", "order_note": "b b b", "order_total": 405.96, "tax": 7.96, "status": "", "ip": "127.0.0.1", "is_ordered": false, "created_at": "2024-08-30T11:39:09.178Z", "updated_at": "2024-08-30T11:39:09.206Z"}}, {"model": "orders.order", "pk": 12, "fields": {"user": 24, "payment": null, "order_number": "2024083012", "first_name": "Rithin", "last_name": "John", "phone": "9400280508", "email": "rithinthiruvalla@gmail.com", "address_line_1": "gfbvb", "address_line_2": "Thengeli.P.O`", "country": "India", "state": "bbbbb", "city": "Thiruvalla", "order_note": "b b b", "order_total": 405.96, "tax": 7.96, "status": "", "ip": "127.0.0.1", "is_ordered": false, "created_at": "2024-08-30T11:39:56.299Z", "updated_at": "2024-08-30T11:39:56.314Z"}}, {"model": "orders.order", "pk": 13, "fields": {"user": 24, "payment": null, "order_number": "2024090213", "first_name": "Rithin", "last_name": "John", "phone": "9400280508", "email": "rithinthiruvalla@gmail.com", "address_line_1": "Valayil", "address_line_2": "Thengeli.P.O`", "country": "India", "state": "Kerala", "city": "Thiruvalla", "order_note": "nj", "order_total": 405.96, "tax": 7.96, "status": "", "ip": "127.0.0.1", "is_ordered": false, "created_at": "2024-09-02T06:01:52.211Z", "updated_at": "2024-09-02T06:01:52.226Z"}}, {"model": "orders.order", "pk": 14, "fields": {"user": 24, "payment": null, "order_number": "2024090214", "first_name": "Rithin", "last_name": "John", "phone": "9400280508", "email": "rithinthiruvalla@gmail.com", "address_line_1": "Valayil", "address_line_2": "Thengeli.P.O`", "country": "India", "state": "Kerala", "city": "Thiruvalla", "order_note": "nj", "order_total": 405.96, "tax": 7.96, "status": "", "ip": "127.0.0.1", "is_ordered": false, "created_at": "2024-09-02T06:03:14.634Z", "updated_at": "2024-09-02T06:03:14.649Z"}}, {"model": "orders.order", "pk": 15, "fields": {"user": 24, "payment": null, "order_number": "2024090215", "first_name": "Rithin", "last_name": "John", "phone": "9400280508", "email": "rithinthiruvalla@gmail.com", "address_line_1": "Valayil", "address_line_2": "Thengeli.P.O`", "country": "India", "state": "Kerala", "city": "Thiruvalla", "order_note": "nj", "order_total": 405.96, "tax": 7.96, "status": "", "ip": "127.0.0.1", "is_ordered": false, "created_at": "2024-09-02T06:03:32.219Z", "updated_at": "2024-09-02T06:03:32.230Z"}}, {"model": "orders.order", "pk": 16, "fields": {"user": 24, "payment": null, "order_number": "2024090216", "first_name": "Rithin", "last_name": "John", "phone": "9400280508", "email": "rithinthiruvalla@gmail.com", "address_line_1": "Valayil", "address_line_2": "Thengeli.P.O`", "country": "India", "state": "Kerala", "city": "Thiruvalla", "order_note": "nj", "order_total": 405.96, "tax": 7.96, "status": "", "ip": "127.0.0.1", "is_ordered": false, "created_at": "2024-09-02T06:04:37.565Z", "updated_at": "2024-09-02T06:04:37.581Z"}}, {"model": "orders.order", "pk": 17, "fields": {"user": 24, "payment": null, "order_number": "2024090217", "first_name": "Rithin", "last_name": "John", "phone": "9400280508", "email": "rithinthiruvalla@gmail.com", "address_line_1": "Valayil", "address_line_2": "Thengeli.P.O`", "country": "India", "state": "Kerala", "city": "Thiruvalla", "order_note": "nj", "order_total": 405.96, "tax": 7.96, "status": "", "ip": "127.0.0.1", "is_ordered": false, "created_at": "2024-09-02T06:05:20.382Z", "updated_at": "2024-09-02T06:05:20.399Z"}}, {"model": "orders.order", "pk": 18, "fields": {"user": 24, "payment": null, "order_number": "2024090218", "first_name": "Rithin", "last_name": "John", "phone": "9400280508", "email": "rithinthiruvalla@gmail.com", "address_line_1": "Valayil", "address_line_2": "Thengeli.P.O`", "country": "India", "state": "Kerala", "city": "Thiruvalla", "order_note": "nj", "order_total": 405.96, "tax": 7.96, "status": "", "ip": "127.0.0.1", "is_ordered": false, "created_at": "2024-09-02T06:06:03.080Z", "updated_at": "2024-09-02T06:06:03.117Z"}}, {"model": "orders.order", "pk": 19, "fields": {"user": 24, "payment": null, "order_number": "2024090219", "first_name": "Rithin", "last_name": "John", "phone": "9400280508", "email": "rithinthiruvalla@gmail.com", "address_line_1": "Valayil", "address_line_2": "Thengeli.P.O`", "country": "India", "state": "Kerala", "city": "Thiruvalla", "order_note": "nj", "order_total": 405.96, "tax": 7.96, "status": "", "ip": "127.0.0.1", "is_ordered": false, "created_at": "2024-09-02T06:06:33.059Z", "updated_at": "2024-09-02T06:06:33.084Z"}}, {"model": "orders.order", "pk": 20, "fields": {"user": 24, "payment": null, "order_number": "2024090220", "first_name": "Rithin", "last_name": "John", "phone": "9400280508", "email": "rithinthiruvalla@gmail.com", "address_line_1": "Valayil", "address_line_2": "Thengeli.P.O`", "country": "India", "state": "Kerala", "city": "Thiruvalla", "order_note": "nj", "order_total": 405.96, "tax": 7.96, "status": "", "ip": "127.0.0.1", "is_ordered": false, "created_at": "2024-09-02T06:07:01.983Z", "updated_at": "2024-09-02T06:07:01.997Z"}}, {"model": "orders.order", "pk": 21, "fields": {"user": 24, "payment": null, "order_number": "2024090221", "first_name": "Rithin", "last_name": "John", "phone": "9400280508", "email": "rithinthiruvalla@gmail.com", "address_line_1": "Valayil", "address_line_2": "Thengeli.P.O`", "country": "India", "state": "Kerala", "city": "Thiruvalla", "order_note": "nj", "order_total": 405.96, "tax": 7.96, "status": "", "ip": "127.0.0.1", "is_ordered": false, "created_at": "2024-09-02T10:21:24.053Z", "updated_at": "2024-09-02T10:21:24.066Z"}}, {"model": "orders.order", "pk": 22, "fields": {"user": 24, "payment": null, "order_number": "2024090222", "first_name": "Rithin", "last_name": "John", "phone": "9400280508", "email": "rithinthiruvalla@gmail.com", "address_line_1": "Valayil", "address_line_2": "Thengeli.P.O`", "country": "India", "state": "Kerala", "city": "Thiruvalla", "order_note": "nj", "order_total": 405.96, "tax": 7.96, "status": "", "ip": "127.0.0.1", "is_ordered": false, "created_at": "2024-09-02T10:22:04.541Z", "updated_at": "2024-09-02T10:22:04.609Z"}}, {"model": "orders.order", "pk": 23, "fields": {"user": 24, "payment": null, "order_number": "2024090223", "first_name": "Rithin", "last_name": "John", "phone": "9400280508", "email": "rithinthiruvalla@gmail.com", "address_line_1": "Valayil", "address_line_2": "Thengeli.P.O`", "country": "India", "state": "Kerala", "city": "Thiruvalla", "order_note": "nj", "order_total": 405.96, "tax": 7.96, "status": "", "ip": "127.0.0.1", "is_ordered": false, "created_at": "2024-09-02T10:22:39.732Z", "updated_at": "2024-09-02T10:22:39.818Z"}}, {"model": "orders.order", "pk": 24, "fields": {"user": 24, "payment": null, "order_number": "2024090224", "first_name": "Rithin", "last_name": "John", "phone": "9400280508", "email": "rithinthiruvalla@gmail.com", "address_line_1": "Valayil", "address_line_2": "Thengeli.P.O`", "country": "India", "state": "Kerala", "city": "Thiruvalla", "order_note": "nj", "order_total": 405.96, "tax": 7.96, "status": "", "ip": "127.0.0.1", "is_ordered": false, "created_at": "2024-09-02T10:22:44.354Z", "updated_at": "2024-09-02T10:22:44.365Z"}}, {"model": "orders.order", "pk": 25, "fields": {"user": 24, "payment": null, "order_number": "2024090225", "first_name": "Rithin", "last_name": "John", "phone": "9400280508", "email": "rithinthiruvalla@gmail.com", "address_line_1": "Valayil", "address_line_2": "Thengeli.P.O`", "country": "India", "state": "Kerala", "city": "Thiruvalla", "order_note": "nj", "order_total": 405.96, "tax": 7.96, "status": "", "ip": "127.0.0.1", "is_ordered": false, "created_at": "2024-09-02T10:22:52.239Z", "updated_at": "2024-09-02T10:22:52.258Z"}}, {"model": "orders.order", "pk": 26, "fields": {"user": 24, "payment": null, "order_number": "2024090226", "first_name": "Rithin", "last_name": "John", "phone": "9400280508", "email": "rithinthiruvalla@gmail.com", "address_line_1": "Valayil", "address_line_2": "Thengeli.P.O`", "country": "India", "state": "Kerala", "city": "Thiruvalla", "order_note": "nj", "order_total": 405.96, "tax": 7.96, "status": "", "ip": "127.0.0.1", "is_ordered": false, "created_at": "2024-09-02T10:23:10.104Z", "updated_at": "2024-09-02T10:23:10.128Z"}}, {"model": "orders.order", "pk": 27, "fields": {"user": 24, "payment": null, "order_number": "2024090227", "first_name": "Rithin", "last_name": "John", "phone": "9400280508", "email": "rithinthiruvalla@gmail.com", "address_line_1": "Valayil", "address_line_2": "Thengeli.P.O`", "country": "India", "state": "Kerala", "city": "Thiruvalla", "order_note": "nj", "order_total": 405.96, "tax": 7.96, "status": "", "ip": "127.0.0.1", "is_ordered": false, "created_at": "2024-09-02T10:23:22.001Z", "updated_at": "2024-09-02T10:23:22.025Z"}}, {"model": "orders.order", "pk": 28, "fields": {"user": 24, "payment": null, "order_number": "2024090228", "first_name": "Rithin", "last_name": "John", "phone": "9400280508", "email": "rithinthiruvalla@gmail.com", "address_line_1": "Valayil", "address_line_2": "Thengeli.P.O`", "country": "India", "state": "Kerala", "city": "Thiruvalla", "order_note": "nj", "order_total": 405.96, "tax": 7.96, "status": "", "ip": "127.0.0.1", "is_ordered": false, "created_at": "2024-09-02T10:23:31.297Z", "updated_at": "2024-09-02T10:23:31.357Z"}}, {"model": "orders.order", "pk": 29, "fields": {"user": 24, "payment": null, "order_number": "2024090229", "first_name": "Rithin", "last_name": "John", "phone": "9400280508", "email": "rithinthiruvalla@gmail.com", "address_line_1": "Valayil", "address_line_2": "Thengeli.P.O`", "country": "India", "state": "Kerala", "city": "Thiruvalla", "order_note": "nj", "order_total": 405.96, "tax": 7.96, "status": "", "ip": "127.0.0.1", "is_ordered": false, "created_at": "2024-09-02T10:23:48.984Z", "updated_at": "2024-09-02T10:23:49.001Z"}}, {"model": "orders.order", "pk": 30, "fields": {"user": 24, "payment": null, "order_number": "2024090230", "first_name": "Rithin", "last_name": "John", "phone": "9400280508", "email": "rithinthiruvalla@gmail.com", "address_line_1": "Valayil", "address_line_2": "Thengeli.P.O`", "country": "India", "state": "Kerala", "city": "Thiruvalla", "order_note": "nj", "order_total": 405.96, "tax": 7.96, "status": "", "ip": "127.0.0.1", "is_ordered": false, "created_at": "2024-09-02T10:23:59.325Z", "updated_at": "2024-09-02T10:23:59.339Z"}}, {"model": "orders.order", "pk": 31, "fields": {"user": 24, "payment": null, "order_number": "2024090231", "first_name": "Rithin", "last_name": "John", "phone": "9400280508", "email": "rithinthiruvalla@gmail.com", "address_line_1": "Valayil", "address_line_2": "Thengeli.P.O`", "country": "India", "state": "Kerala", "city": "Thiruvalla", "order_note": "nj", "order_total": 405.96, "tax": 7.96, "status": "", "ip": "127.0.0.1", "is_ordered": false, "created_at": "2024-09-02T10:24:05.660Z", "updated_at": "2024-09-02T10:24:05.681Z"}}, {"model": "orders.order", "pk": 32, "fields": {"user": 24, "payment": null, "order_number": "2024090232", "first_name": "Rithin", "last_name": "John", "phone": "9400280508", "email": "rithinthiruvalla@gmail.com", "address_line_1": "Valayil", "address_line_2": "Thengeli.P.O`", "country": "India", "state": "Kerala", "city": "Thiruvalla", "order_note": "nj", "order_total": 405.96, "tax": 7.96, "status": "", "ip": "127.0.0.1", "is_ordered": false, "created_at": "2024-09-02T10:24:47.373Z", "updated_at": "2024-09-02T10:24:47.389Z"}}, {"model": "orders.order", "pk": 33, "fields": {"user": 24, "payment": null, "order_number": "2024090233", "first_name": "Rithin", "last_name": "John", "phone": "9400280508", "email": "rithinthiruvalla@gmail.com", "address_line_1": "Valayil", "address_line_2": "Thengeli.P.O`", "country": "India", "state": "Kerala", "city": "Thiruvalla", "order_note": "nj", "order_total": 405.96, "tax": 7.96, "status": "", "ip": "127.0.0.1", "is_ordered": false, "created_at": "2024-09-02T10:25:04.347Z", "updated_at": "2024-09-02T10:25:04.511Z"}}, {"model": "orders.order", "pk": 34, "fields": {"user": 24, "payment": null, "order_number": "2024090234", "first_name": "Rithin", "last_name": "John", "phone": "9400280508", "email": "rithinthiruvalla@gmail.com", "address_line_1": "Valayil", "address_line_2": "Thengeli.P.O`", "country": "India", "state": "Kerala", "city": "Thiruvalla", "order_note": "nj", "order_total": 405.96, "tax": 7.96, "status": "", "ip": "127.0.0.1", "is_ordered": false, "created_at": "2024-09-02T10:27:37.968Z", "updated_at": "2024-09-02T10:27:37.988Z"}}, {"model": "orders.order", "pk": 35, "fields": {"user": 24, "payment": null, "order_number": "2024090235", "first_name": "Rithin", "last_name": "Thiruvalla", "phone": "9847664097", "email": "rithinthiruvalla@gmail.com", "address_line_1": "Valayil", "address_line_2": "Thengeli.P.O`", "country": "India", "state": "Kerala", "city": "Thiruvalla", "order_note": "", "order_total": 405.96, "tax": 7.96, "status": "", "ip": "127.0.0.1", "is_ordered": false, "created_at": "2024-09-02T10:31:39.089Z", "updated_at": "2024-09-02T10:31:39.109Z"}}, {"model": "orders.order", "pk": 36, "fields": {"user": 24, "payment": null, "order_number": "2024090236", "first_name": "Rithin", "last_name": "John", "phone": "9400280508", "email": "rithinthiruvalla@gmail.com", "address_line_1": "Valayil", "address_line_2": "Thengeli.P.O`", "country": "India", "state": "Kerala", "city": "Thiruvalla", "order_note": "nj", "order_total": 405.96, "tax": 7.96, "status": "", "ip": "127.0.0.1", "is_ordered": false, "created_at": "2024-09-02T10:34:47.947Z", "updated_at": "2024-09-02T10:34:47.975Z"}}, {"model": "orders.order", "pk": 37, "fields": {"user": 24, "payment": null, "order_number": "2024090237", "first_name": "Sini", "last_name": "Shibu", "phone": "9447562991", "email": "sinishibu76@gmail.com", "address_line_1": "Valayil House", "address_line_2": "Thengeli P.O", "country": "India", "state": "Kerala", "city": "Thiruvalla", "order_note": "ddddddd", "order_total": 608.94, "tax": 11.94, "status": "", "ip": "127.0.0.1", "is_ordered": false, "created_at": "2024-09-02T10:47:48.124Z", "updated_at": "2024-09-02T10:47:48.135Z"}}, {"model": "orders.order", "pk": 38, "fields": {"user": 24, "payment": null, "order_number": "2024090238", "first_name": "Rithin", "last_name": "John", "phone": "9400280508", "email": "rithinthiruvalla@gmail.com", "address_line_1": "Valayil", "address_line_2": "Thengeli.P.O`", "country": "India", "state": "Kerala", "city": "Thiruvalla", "order_note": "nj", "order_total": 608.94, "tax": 11.94, "status": "", "ip": "127.0.0.1", "is_ordered": false, "created_at": "2024-09-02T10:51:19.909Z", "updated_at": "2024-09-02T10:51:20.031Z"}}, {"model": "orders.order", "pk": 39, "fields": {"user": 24, "payment": null, "order_number": "2024090239", "first_name": "Rithin", "last_name": "John", "phone": "9400280508", "email": "rithinthiruvalla@gmail.com", "address_line_1": "Valayil", "address_line_2": "Thengeli.P.O`", "country": "India", "state": "Kerala", "city": "Thiruvalla", "order_note": "nj", "order_total": 608.94, "tax": 11.94, "status": "", "ip": "127.0.0.1", "is_ordered": false, "created_at": "2024-09-02T10:51:55.438Z", "updated_at": "2024-09-02T10:51:55.458Z"}}, {"model": "orders.order", "pk": 40, "fields": {"user": 24, "payment": null, "order_number": "2024090240", "first_name": "Rithin", "last_name": "John", "phone": "9400280508", "email": "rithinthiruvalla@gmail.com", "address_line_1": "Valayil", "address_line_2": "Thengeli.P.O`", "country": "India", "state": "Kerala", "city": "Thiruvalla", "order_note": "nj", "order_total": 608.94, "tax": 11.94, "status": "", "ip": "127.0.0.1", "is_ordered": false, "created_at": "2024-09-02T10:54:02.869Z", "updated_at": "2024-09-02T10:54:02.888Z"}}, {"model": "orders.order", "pk": 41, "fields": {"user": 24, "payment": null, "order_number": "2024090241", "first_name": "Rithin", "last_name": "John", "phone": "9400280508", "email": "rithinthiruvalla@gmail.com", "address_line_1": "Valayil", "address_line_2": "Thengeli.P.O`", "country": "India", "state": "Kerala", "city": "Thiruvalla", "order_note": "nj", "order_total": 608.94, "tax": 11.94, "status": "", "ip": "127.0.0.1", "is_ordered": false, "created_at": "2024-09-02T10:54:13.068Z", "updated_at": "2024-09-02T10:54:13.080Z"}}, {"model": "orders.order", "pk": 42, "fields": {"user": 24, "payment": null, "order_number": "2024090242", "first_name": "Rithin", "last_name": "John", "phone": "9400280508", "email": "rithinthiruvalla@gmail.com", "address_line_1": "Valayil", "address_line_2": "Thengeli.P.O`", "country": "India", "state": "Kerala", "city": "Thiruvalla", "order_note": "nj", "order_total": 608.94, "tax": 11.94, "status": "", "ip": "127.0.0.1", "is_ordered": false, "created_at": "2024-09-02T10:57:35.303Z", "updated_at": "2024-09-02T10:57:35.313Z"}}, {"model": "orders.order", "pk": 43, "fields": {"user": 24, "payment": null, "order_number": "2024090243", "first_name": "Rithin", "last_name": "John", "phone": "9400280508", "email": "rithinthiruvalla@gmail.com", "address_line_1": "Valayil", "address_line_2": "Thengeli.P.O`", "country": "India", "state": "Kerala", "city": "Thiruvalla", "order_note": "nj", "order_total": 608.94, "tax": 11.94, "status": "", "ip": "127.0.0.1", "is_ordered": false, "created_at": "2024-09-02T10:59:26.801Z", "updated_at": "2024-09-02T10:59:26.817Z"}}, {"model": "orders.order", "pk": 44, "fields": {"user": 24, "payment": null, "order_number": "2024090244", "first_name": "Rithin", "last_name": "John", "phone": "9400280508", "email": "rithinthiruvalla@gmail.com", "address_line_1": "Valayil", "address_line_2": "Thengeli.P.O`", "country": "India", "state": "Kerala", "city": "Thiruvalla", "order_note": "nj", "order_total": 608.94, "tax": 11.94, "status": "", "ip": "127.0.0.1", "is_ordered": false, "created_at": "2024-09-02T11:01:24.004Z", "updated_at": "2024-09-02T11:01:24.036Z"}}, {"model": "orders.order", "pk": 45, "fields": {"user": 24, "payment": null, "order_number": "2024090245", "first_name": "Rithin", "last_name": "John", "phone": "9400280508", "email": "rithinthiruvalla@gmail.com", "address_line_1": "Valayil", "address_line_2": "Thengeli.P.O`", "country": "India", "state": "Kerala", "city": "Thiruvalla", "order_note": "nj", "order_total": 608.94, "tax": 11.94, "status": "", "ip": "127.0.0.1", "is_ordered": false, "created_at": "2024-09-02T11:06:03.354Z", "updated_at": "2024-09-02T11:06:03.456Z"}}, {"model": "orders.order", "pk": 46, "fields": {"user": 24, "payment": null, "order_number": "2024090246", "first_name": "Rithin", "last_name": "John", "phone": "9400280508", "email": "rithinthiruvalla@gmail.com", "address_line_1": "Valayil", "address_line_2": "Thengeli.P.O`", "country": "India", "state": "Kerala", "city": "Thiruvalla", "order_note": "nj", "order_total": 608.94, "tax": 11.94, "status": "", "ip": "127.0.0.1", "is_ordered": false, "created_at": "2024-09-02T11:06:32.625Z", "updated_at": "2024-09-02T11:06:32.640Z"}}, {"model": "orders.order", "pk": 47, "fields": {"user": 24, "payment": null, "order_number": "2024090247", "first_name": "Rithin", "last_name": "John", "phone": "9400280508", "email": "rithinthiruvalla@gmail.com", "address_line_1": "Valayil", "address_line_2": "Thengeli.P.O`", "country": "India", "state": "Kerala", "city": "Thiruvalla", "order_note": "nj", "order_total": 608.94, "tax": 11.94, "status": "", "ip": "127.0.0.1", "is_ordered": false, "created_at": "2024-09-02T11:07:11.989Z", "updated_at": "2024-09-02T11:07:12.034Z"}}, {"model": "orders.order", "pk": 48, "fields": {"user": 24, "payment": null, "order_number": "2024090248", "first_name": "Rithin", "last_name": "John", "phone": "9400280508", "email": "rithinthiruvalla@gmail.com", "address_line_1": "Valayil", "address_line_2": "Thengeli.P.O`", "country": "India", "state": "Kerala", "city": "Thiruvalla", "order_note": "nj", "order_total": 608.94, "tax": 11.94, "status": "", "ip": "127.0.0.1", "is_ordered": false, "created_at": "2024-09-02T11:07:30.210Z", "updated_at": "2024-09-02T11:07:30.230Z"}}, {"model": "orders.order", "pk": 49, "fields": {"user": 24, "payment": null, "order_number": "2024090249", "first_name": "Rithin", "last_name": "John", "phone": "9400280508", "email": "rithinthiruvalla@gmail.com", "address_line_1": "Valayil", "address_line_2": "Thengeli.P.O`", "country": "India", "state": "Kerala", "city": "Thiruvalla", "order_note": "nj", "order_total": 608.94, "tax": 11.94, "status": "", "ip": "127.0.0.1", "is_ordered": false, "created_at": "2024-09-02T11:07:52.778Z", "updated_at": "2024-09-02T11:07:52.794Z"}}, {"model": "orders.order", "pk": 50, "fields": {"user": 24, "payment": null, "order_number": "2024090250", "first_name": "Rithin", "last_name": "John", "phone": "9400280508", "email": "rithinthiruvalla@gmail.com", "address_line_1": "Valayil", "address_line_2": "Thengeli.P.O`", "country": "India", "state": "Kerala", "city": "Thiruvalla", "order_note": "nj", "order_total": 608.94, "tax": 11.94, "status": "", "ip": "127.0.0.1", "is_ordered": false, "created_at": "2024-09-02T11:09:32.561Z", "updated_at": "2024-09-02T11:09:32.575Z"}}, {"model": "orders.order", "pk": 51, "fields": {"user": 24, "payment": null, "order_number": "2024090251", "first_name": "Rithin", "last_name": "John", "phone": "9400280508", "email": "rithinthiruvalla@gmail.com", "address_line_1": "Valayil", "address_line_2": "Thengeli.P.O`", "country": "India", "state": "Kerala", "city": "Thiruvalla", "order_note": "nj", "order_total": 608.94, "tax": 11.94, "status": "", "ip": "127.0.0.1", "is_ordered": false, "created_at": "2024-09-02T11:09:51.189Z", "updated_at": "2024-09-02T11:09:51.223Z"}}, {"model": "orders.order", "pk": 52, "fields": {"user": 24, "payment": null, "order_number": "2024090252", "first_name": "Rithin", "last_name": "John", "phone": "9400280508", "email": "rithinthiruvalla@gmail.com", "address_line_1": "Valayil", "address_line_2": "Thengeli.P.O`", "country": "India", "state": "Kerala", "city": "Thiruvalla", "order_note": "nj", "order_total": 608.94, "tax": 11.94, "status": "", "ip": "127.0.0.1", "is_ordered": false, "created_at": "2024-09-02T11:10:12.472Z", "updated_at": "2024-09-02T11:10:12.481Z"}}, {"model": "orders.order", "pk": 53, "fields": {"user": 24, "payment": null, "order_number": "2024090253", "first_name": "Rithin", "last_name": "John", "phone": "9400280508", "email": "rithinthiruvalla@gmail.com", "address_line_1": "Valayil", "address_line_2": "Thengeli.P.O`", "country": "India", "state": "Kerala", "city": "Thiruvalla", "order_note": "nj", "order_total": 608.94, "tax": 11.94, "status": "", "ip": "127.0.0.1", "is_ordered": false, "created_at": "2024-09-02T11:10:29.393Z", "updated_at": "2024-09-02T11:10:29.427Z"}}, {"model": "orders.order", "pk": 54, "fields": {"user": 24, "payment": null, "order_number": "2024090254", "first_name": "Rithin", "last_name": "John", "phone": "9400280508", "email": "rithinthiruvalla@gmail.com", "address_line_1": "Valayil", "address_line_2": "Thengeli.P.O`", "country": "India", "state": "Kerala", "city": "Thiruvalla", "order_note": "nj", "order_total": 608.94, "tax": 11.94, "status": "", "ip": "127.0.0.1", "is_ordered": false, "created_at": "2024-09-02T11:11:28.564Z", "updated_at": "2024-09-02T11:11:28.717Z"}}, {"model": "orders.order", "pk": 55, "fields": {"user": 24, "payment": null, "order_number": "2024090255", "first_name": "Rithin", "last_name": "John", "phone": "9400280508", "email": "rithinthiruvalla@gmail.com", "address_line_1": "Valayil", "address_line_2": "Thengeli.P.O`", "country": "India", "state": "Kerala", "city": "Thiruvalla", "order_note": "nj", "order_total": 608.94, "tax": 11.94, "status": "", "ip": "127.0.0.1", "is_ordered": false, "created_at": "2024-09-02T11:12:24.265Z", "updated_at": "2024-09-02T11:12:24.290Z"}}, {"model": "orders.order", "pk": 56, "fields": {"user": 24, "payment": null, "order_number": "2024090256", "first_name": "Rithin", "last_name": "John", "phone": "9400280508", "email": "rithinthiruvalla@gmail.com", "address_line_1": "Valayil", "address_line_2": "Thengeli.P.O`", "country": "India", "state": "Kerala", "city": "Thiruvalla", "order_note": "nj", "order_total": 608.94, "tax": 11.94, "status": "", "ip": "127.0.0.1", "is_ordered": false, "created_at": "2024-09-02T11:42:41.007Z", "updated_at": "2024-09-02T11:42:41.031Z"}}, {"model": "orders.order", "pk": 57, "fields": {"user": 24, "payment": null, "order_number": "2024090257", "first_name": "Rithin", "last_name": "John", "phone": "9400280508", "email": "rithinthiruvalla@gmail.com", "address_line_1": "Valayil", "address_line_2": "Thengeli.P.O`", "country": "India", "state": "Kerala", "city": "Thiruvalla", "order_note": "nj", "order_total": 608.94, "tax": 11.94, "status": "", "ip": "127.0.0.1", "is_ordered": false, "created_at": "2024-09-02T11:42:58.578Z", "updated_at": "2024-09-02T11:42:58.596Z"}}, {"model": "orders.order", "pk": 58, "fields": {"user": 24, "payment": null, "order_number": "2024090258", "first_name": "Rithin", "last_name": "John", "phone": "9400280508", "email": "rithinthiruvalla@gmail.com", "address_line_1": "Valayil", "address_line_2": "Thengeli.P.O`", "country": "India", "state": "Kerala", "city": "Thiruvalla", "order_note": "nj", "order_total": 608.94, "tax": 11.94, "status": "", "ip": "127.0.0.1", "is_ordered": false, "created_at": "2024-09-02T11:43:07.067Z", "updated_at": "2024-09-02T11:43:07.098Z"}}, {"model": "orders.order", "pk": 59, "fields": {"user": 24, "payment": null, "order_number": "2024090259", "first_name": "Rithin", "last_name": "John", "phone": "9400280508", "email": "rithinthiruvalla@gmail.com", "address_line_1": "Valayil", "address_line_2": "Thengeli.P.O`", "country": "India", "state": "Kerala", "city": "Thiruvalla", "order_note": "nj", "order_total": 608.94, "tax": 11.94, "status": "", "ip": "127.0.0.1", "is_ordered": false, "created_at": "2024-09-02T11:45:04.243Z", "updated_at": "2024-09-02T11:45:04.260Z"}}, {"model": "orders.order", "pk": 60, "fields": {"user": 24, "payment": null, "order_number": "2024090260", "first_name": "Rithin", "last_name": "John", "phone": "9400280508", "email": "rithinthiruvalla@gmail.com", "address_line_1": "Valayil", "address_line_2": "Thengeli.P.O`", "country": "India", "state": "Kerala", "city": "Thiruvalla", "order_note": "nj", "order_total": 608.94, "tax": 11.94, "status": "", "ip": "127.0.0.1", "is_ordered": false, "created_at": "2024-09-02T11:45:59.457Z", "updated_at": "2024-09-02T11:45:59.488Z"}}, {"model": "orders.order", "pk": 61, "fields": {"user": 24, "payment": null, "order_number": "2024090261", "first_name": "Rithin", "last_name": "John", "phone": "9400280508", "email": "rithinthiruvalla@gmail.com", "address_line_1": "Valayil", "address_line_2": "Thengeli.P.O`", "country": "India", "state": "Kerala", "city": "Thiruvalla", "order_note": "nj", "order_total": 608.94, "tax": 11.94, "status": "", "ip": "127.0.0.1", "is_ordered": false, "created_at": "2024-09-02T11:46:22.536Z", "updated_at": "2024-09-02T11:46:22.785Z"}}, {"model": "orders.order", "pk": 62, "fields": {"user": 24, "payment": null, "order_number": "2024090262", "first_name": "Rithin", "last_name": "John", "phone": "9400280508", "email": "rithinthiruvalla@gmail.com", "address_line_1": "Valayil", "address_line_2": "Thengeli.P.O`", "country": "India", "state": "Kerala", "city": "Thiruvalla", "order_note": "nj", "order_total": 608.94, "tax": 11.94, "status": "", "ip": "127.0.0.1", "is_ordered": false, "created_at": "2024-09-02T12:00:23.663Z", "updated_at": "2024-09-02T12:00:26.234Z"}}, {"model": "orders.order", "pk": 63, "fields": {"user": 24, "payment": 1, "order_number": "2024090263", "first_name": "Rithin", "last_name": "John", "phone": "9400280508", "email": "rithinthiruvalla@gmail.com", "address_line_1": "Valayil", "address_line_2": "Thengeli.P.O`", "country": "India", "state": "Kerala", "city": "Thiruvalla", "order_note": "nj", "order_total": 608.94, "tax": 11.94, "status": "", "ip": "127.0.0.1", "is_ordered": true, "created_at": "2024-09-02T12:01:43.822Z", "updated_at": "2024-09-02T12:02:27.032Z"}}, {"model": "orders.order", "pk": 64, "fields": {"user": 24, "payment": 2, "order_number": "2024090364", "first_name": "Rithin", "last_name": "John", "phone": "9400280508", "email": "rithinthiruvalla@gmail.com", "address_line_1": "Valayil", "address_line_2": "Thengeli.P.O`", "country": "India", "state": "Kerala", "city": "Thiruvalla", "order_note": "eer", "order_total": 811.92, "tax": 15.92, "status": "", "ip": "127.0.0.1", "is_ordered": true, "created_at": "2024-09-03T05:36:35.515Z", "updated_at": "2024-09-03T05:37:08.248Z"}}, {"model": "orders.order", "pk": 65, "fields": {"user": 24, "payment": 3, "order_number": "2024090365", "first_name": "Rithin", "last_name": "Shibu John", "phone": "9400280508", "email": "rithinthiruvalla@gmail.com", "address_line_1": "Valayil", "address_line_2": "Thengeli.P.O`", "country": "India", "state": "Kerala", "city": "Thiruvalla", "order_note": "ssss", "order_total": 811.92, "tax": 15.92, "status": "", "ip": "127.0.0.1", "is_ordered": true, "created_at": "2024-09-03T09:15:23.163Z", "updated_at": "2024-09-03T09:17:06.581Z"}}, {"model": "orders.order", "pk": 66, "fields": {"user": 24, "payment": 4, "order_number": "2024090366", "first_name": "Rithin", "last_name": "Shibu John", "phone": "9400280508", "email": "rithinthiruvalla@gmail.com", "address_line_1": "Valayil", "address_line_2": "Thengeli.P.O`", "country": "India", "state": "Kerala", "city": "Thiruvalla", "order_note": "ssss", "order_total": 811.92, "tax": 15.92, "status": "", "ip": "127.0.0.1", "is_ordered": true, "created_at": "2024-09-03T09:55:15.552Z", "updated_at": "2024-09-03T09:55:48.033Z"}}, {"model": "orders.order", "pk": 67, "fields": {"user": 24, "payment": 5, "order_number": "2024090367", "first_name": "Rithin", "last_name": "John", "phone": "9400280508", "email": "reshma@gmail.com", "address_line_1": "Valayil", "address_line_2": "Thengeli.P.O`", "country": "India", "state": "Kerala", "city": "Thiruvalla", "order_note": "111", "order_total": 202.98, "tax": 3.98, "status": "", "ip": "127.0.0.1", "is_ordered": true, "created_at": "2024-09-03T10:00:13.569Z", "updated_at": "2024-09-03T10:00:35.553Z"}}, {"model": "orders.order", "pk": 68, "fields": {"user": 24, "payment": 6, "order_number": "2024090368", "first_name": "Rithin", "last_name": "John", "phone": "1234567890", "email": "rithins_mca21-23@macfast.ac.in", "address_line_1": "kpp", "address_line_2": "jjoj", "country": "kkm", "state": "hkk", "city": "nkn", "order_note": "kmmm", "order_total": 405.96, "tax": 7.96, "status": "", "ip": "127.0.0.1", "is_ordered": true, "created_at": "2024-09-03T10:04:11.929Z", "updated_at": "2024-09-03T10:04:34.421Z"}}, {"model": "orders.order", "pk": 69, "fields": {"user": 24, "payment": 7, "order_number": "2024090369", "first_name": "Rithin", "last_name": "John", "phone": "1234567890", "email": "rithins_mca21-23@macfast.ac.in", "address_line_1": "kpp", "address_line_2": "jjoj", "country": "kkm", "state": "hkk", "city": "nkn", "order_note": "kmmm", "order_total": 405.96, "tax": 7.96, "status": "", "ip": "127.0.0.1", "is_ordered": true, "created_at": "2024-09-03T10:11:18.176Z", "updated_at": "2024-09-03T10:12:22.019Z"}}, {"model": "orders.order", "pk": 70, "fields": {"user": 24, "payment": 8, "order_number": "2024090370", "first_name": "Rithin", "last_name": "John", "phone": "1234567890", "email": "rithins_mca21-23@macfast.ac.in", "address_line_1": "kpp", "address_line_2": "jjoj", "country": "kkm", "state": "hkk", "city": "nkn", "order_note": "kmmm", "order_total": 405.96, "tax": 7.96, "status": "", "ip": "127.0.0.1", "is_ordered": true, "created_at": "2024-09-03T10:15:04.619Z", "updated_at": "2024-09-03T10:15:46.776Z"}}, {"model": "orders.order", "pk": 71, "fields": {"user": 24, "payment": 9, "order_number": "2024090371", "first_name": "Rithin", "last_name": "John", "phone": "1234567890", "email": "rithins_mca21-23@macfast.ac.in", "address_line_1": "kpp", "address_line_2": "jjoj", "country": "kkm", "state": "hkk", "city": "nkn", "order_note": "kmmm", "order_total": 405.96, "tax": 7.96, "status": "", "ip": "127.0.0.1", "is_ordered": true, "created_at": "2024-09-03T10:25:46.434Z", "updated_at": "2024-09-03T10:26:02.349Z"}}, {"model": "orders.order", "pk": 72, "fields": {"user": 24, "payment": 10, "order_number": "2024090372", "first_name": "Rithin", "last_name": "John", "phone": "1234567890", "email": "rithins_mca21-23@macfast.ac.in", "address_line_1": "kpp", "address_line_2": "jjoj", "country": "kkm", "state": "hkk", "city": "nkn", "order_note": "kmmm", "order_total": 405.96, "tax": 7.96, "status": "", "ip": "127.0.0.1", "is_ordered": true, "created_at": "2024-09-03T10:27:43.284Z", "updated_at": "2024-09-03T10:27:55.718Z"}}, {"model": "orders.order", "pk": 73, "fields": {"user": 24, "payment": 11, "order_number": "2024090373", "first_name": "Rithin", "last_name": "John", "phone": "1234567890", "email": "rithins_mca21-23@macfast.ac.in", "address_line_1": "kpp", "address_line_2": "jjoj", "country": "kkm", "state": "hkk", "city": "nkn", "order_note": "kmmm", "order_total": 405.96, "tax": 7.96, "status": "", "ip": "127.0.0.1", "is_ordered": true, "created_at": "2024-09-03T10:30:30.278Z", "updated_at": "2024-09-03T10:30:47.834Z"}}, {"model": "orders.order", "pk": 74, "fields": {"user": 24, "payment": 12, "order_number": "2024090374", "first_name": "Rithin", "last_name": "John", "phone": "9400280508", "email": "rithinthiruvalla@gmail.com", "address_line_1": "Valayil", "address_line_2": "Thengeli.P.O`", "country": "India", "state": "Kerala", "city": "Thiruvalla", "order_note": "", "order_total": 202.98, "tax": 3.98, "status": "", "ip": "127.0.0.1", "is_ordered": true, "created_at": "2024-09-03T10:51:52.951Z", "updated_at": "2024-09-03T10:52:20.483Z"}}, {"model": "orders.order", "pk": 75, "fields": {"user": 24, "payment": 13, "order_number": "2024090375", "first_name": "Rithin", "last_name": "John", "phone": "9400280508", "email": "rithinthiruvalla@gmail.com", "address_line_1": "Valayil", "address_line_2": "Thengeli.P.O`", "country": "India", "state": "Kerala", "city": "Thiruvalla", "order_note": "", "order_total": 202.98, "tax": 3.98, "status": "", "ip": "127.0.0.1", "is_ordered": true, "created_at": "2024-09-03T10:59:12.218Z", "updated_at": "2024-09-03T10:59:37.483Z"}}, {"model": "orders.order", "pk": 76, "fields": {"user": 24, "payment": 14, "order_number": "2024090376", "first_name": "Rithin", "last_name": "John", "phone": "9400280508", "email": "rithinthiruvalla@gmail.com", "address_line_1": "Valayil", "address_line_2": "Thengeli.P.O`", "country": "India", "state": "Kerala", "city": "Thiruvalla", "order_note": "", "order_total": 202.98, "tax": 3.98, "status": "", "ip": "127.0.0.1", "is_ordered": true, "created_at": "2024-09-03T11:01:12.378Z", "updated_at": "2024-09-03T11:01:43.205Z"}}, {"model": "orders.order", "pk": 77, "fields": {"user": 24, "payment": null, "order_number": "2024090377", "first_name": "Rithin", "last_name": "John", "phone": "9400280508", "email": "rithinthiruvalla@gmail.com", "address_line_1": "Valayil", "address_line_2": "Thengeli.P.O`", "country": "India", "state": "Kerala", "city": "Thiruvalla", "order_note": "", "order_total": 202.98, "tax": 3.98, "status": "", "ip": "127.0.0.1", "is_ordered": false, "created_at": "2024-09-03T12:06:33.413Z", "updated_at": "2024-09-03T12:06:33.424Z"}}, {"model": "orders.order", "pk": 78, "fields": {"user": 24, "payment": null, "order_number": "2024090378", "first_name": "Rithin", "last_name": "John", "phone": "9400280508", "email": "rithinthiruvalla@gmail.com", "address_line_1": "Valayil", "address_line_2": "Thengeli.P.O`", "country": "India", "state": "Kerala", "city": "Thiruvalla", "order_note": "", "order_total": 202.98, "tax": 3.98, "status": "", "ip": "127.0.0.1", "is_ordered": false, "created_at": "2024-09-03T12:07:09.984Z", "updated_at": "2024-09-03T12:07:09.994Z"}}, {"model": "orders.order", "pk": 79, "fields": {"user": 24, "payment": 15, "order_number": "2024090379", "first_name": "Rithin", "last_name": "John", "phone": "9400280508", "email": "rithinthiruvalla@gmail.com", "address_line_1": "Valayil", "address_line_2": "Thengeli.P.O`", "country": "India", "state": "Kerala", "city": "Thiruvalla", "order_note": "", "order_total": 202.98, "tax": 3.98, "status": "", "ip": "127.0.0.1", "is_ordered": true, "created_at": "2024-09-03T12:07:27.511Z", "updated_at": "2024-09-03T12:07:49.761Z"}}, {"model": "orders.order", "pk": 80, "fields": {"user": 24, "payment": null, "order_number": "2024090380", "first_name": "Rithin", "last_name": "John", "phone": "9400280508", "email": "rithinthiruvalla@gmail.com", "address_line_1": "gfbvb", "address_line_2": "Thengeli.P.O`", "country": "India", "state": "Kerala", "city": "Thiruvalla", "order_note": "", "order_total": 202.98, "tax": 3.98, "status": "", "ip": "127.0.0.1", "is_ordered": false, "created_at": "2024-09-03T12:18:01.475Z", "updated_at": "2024-09-03T12:18:01.696Z"}}, {"model": "orders.order", "pk": 81, "fields": {"user": 24, "payment": 16, "order_number": "2024090381", "first_name": "Rithin", "last_name": "John", "phone": "9400280508", "email": "rithinthiruvalla@gmail.com", "address_line_1": "gfbvb", "address_line_2": "Thengeli.P.O`", "country": "India", "state": "Kerala", "city": "Thiruvalla", "order_note": "", "order_total": 202.98, "tax": 3.98, "status": "", "ip": "127.0.0.1", "is_ordered": true, "created_at": "2024-09-03T12:18:48.582Z", "updated_at": "2024-09-03T12:19:10.750Z"}}, {"model": "orders.order", "pk": 82, "fields": {"user": 24, "payment": 17, "order_number": "2024090382", "first_name": "Rithin", "last_name": "John", "phone": "9400280508", "email": "rithinthiruvalla@gmail.com", "address_line_1": "Valayil", "address_line_2": "Thengeli.P.O`", "country": "India", "state": "Kerala", "city": "Thiruvalla", "order_note": "", "order_total": 202.98, "tax": 3.98, "status": "", "ip": "127.0.0.1", "is_ordered": true, "created_at": "2024-09-03T12:20:53.892Z", "updated_at": "2024-09-03T12:21:08.279Z"}}, {"model": "orders.order", "pk": 83, "fields": {"user": 24, "payment": 18, "order_number": "2024090383", "first_name": "Rithin", "last_name": "John", "phone": "9400280508", "email": "rithinthiruvalla@gmail.com", "address_line_1": "Valayil", "address_line_2": "Thengeli.P.O`", "country": "India", "state": "Kerala", "city": "Thiruvalla", "order_note": "", "order_total": 202.98, "tax": 3.98, "status": "", "ip": "127.0.0.1", "is_ordered": true, "created_at": "2024-09-03T12:23:15.895Z", "updated_at": "2024-09-03T12:23:42.443Z"}}, {"model": "orders.order", "pk": 84, "fields": {"user": 24, "payment": 19, "order_number": "2024090384", "first_name": "Rithin", "last_name": "Thiruvalla", "phone": "1234567890", "email": "rithinshibujohn@gmail.com", "address_line_1": "Valayil", "address_line_2": "Thengeli.P.O`", "country": "India", "state": "bbbbb", "city": "Thiruvalla", "order_note": "", "order_total": 202.98, "tax": 3.98, "status": "", "ip": "127.0.0.1", "is_ordered": true, "created_at": "2024-09-03T12:43:36.232Z", "updated_at": "2024-09-03T12:43:58.403Z"}}, {"model": "orders.order", "pk": 85, "fields": {"user": 24, "payment": 20, "order_number": "2024090385", "first_name": "Rithin", "last_name": "John", "phone": "9400280508", "email": "rithinthiruvalla@gmail.com", "address_line_1": "Valayil", "address_line_2": "Thengeli.P.O`", "country": "India", "state": "Kerala", "city": "Thiruvalla", "order_note": "", "order_total": 405.96, "tax": 7.96, "status": "", "ip": "127.0.0.1", "is_ordered": true, "created_at": "2024-09-03T12:58:56.669Z", "updated_at": "2024-09-03T12:59:29.159Z"}}, {"model": "orders.order", "pk": 86, "fields": {"user": 24, "payment": 21, "order_number": "2024090486", "first_name": "Rithin", "last_name": "Shibu John", "phone": "9400280508", "email": "rithinshibujohn@gmail.com", "address_line_1": "Valayil House", "address_line_2": "Thengeli P O", "country": "India", "state": "Kerala", "city": "Thiruvalla", "order_note": "", "order_total": 202.98, "tax": 3.98, "status": "", "ip": "127.0.0.1", "is_ordered": true, "created_at": "2024-09-04T04:58:36.534Z", "updated_at": "2024-09-04T04:59:13.464Z"}}, {"model": "orders.order", "pk": 87, "fields": {"user": 1, "payment": null, "order_number": "2024090487", "first_name": "Rithin", "last_name": "John", "phone": "9400280508", "email": "rithinthiruvalla@gmail.com", "address_line_1": "Valayil", "address_line_2": "Thengeli.P.O`", "country": "India", "state": "Kerala", "city": "Thiruvalla", "order_note": "", "order_total": 202.98, "tax": 3.98, "status": "", "ip": "127.0.0.1", "is_ordered": false, "created_at": "2024-09-04T06:55:15.124Z", "updated_at": "2024-09-04T06:55:15.144Z"}}, {"model": "orders.order", "pk": 88, "fields": {"user": 24, "payment": null, "order_number": "2024090488", "first_name": "Rithin", "last_name": "John", "phone": "9400280508", "email": "rithinshibujohn@gmail.com", "address_line_1": "Valayil", "address_line_2": "Thengeli.P.O`", "country": "India", "state": "Kerala", "city": "Thiruvalla", "order_note": "", "order_total": 121.38, "tax": 2.38, "status": "", "ip": "127.0.0.1", "is_ordered": false, "created_at": "2024-09-04T11:17:57.233Z", "updated_at": "2024-09-04T11:17:57.259Z"}}, {"model": "orders.order", "pk": 89, "fields": {"user": 24, "payment": null, "order_number": "2024090489", "first_name": "Rithin", "last_name": "John", "phone": "9400280508", "email": "rithinshibujohn@gmail.com", "address_line_1": "Valayil", "address_line_2": "Thengeli.P.O`", "country": "India", "state": "Kerala", "city": "Thiruvalla", "order_note": "", "order_total": 121.38, "tax": 2.38, "status": "", "ip": "127.0.0.1", "is_ordered": false, "created_at": "2024-09-04T11:18:52.348Z", "updated_at": "2024-09-04T11:18:52.392Z"}}, {"model": "orders.order", "pk": 90, "fields": {"user": 24, "payment": null, "order_number": "2024090490", "first_name": "Rithin", "last_name": "Thiruvalla", "phone": "1234567890", "email": "rithinthiruvalla@gmail.com", "address_line_1": "Valayil", "address_line_2": "Thengeli.P.O`", "country": "India", "state": "Kerala", "city": "Thiruvalla", "order_note": "", "order_total": 121.38, "tax": 2.38, "status": "", "ip": "127.0.0.1", "is_ordered": false, "created_at": "2024-09-04T11:19:34.354Z", "updated_at": "2024-09-04T11:19:34.367Z"}}, {"model": "orders.order", "pk": 91, "fields": {"user": 24, "payment": 22, "order_number": "2024090491", "first_name": "Rithin", "last_name": "Thiruvalla", "phone": "1234567890", "email": "rithinthiruvalla@gmail.com", "address_line_1": "Valayil", "address_line_2": "Thengeli.P.O`", "country": "India", "state": "Kerala", "city": "Thiruvalla", "order_note": "", "order_total": 121.38, "tax": 2.38, "status": "", "ip": "127.0.0.1", "is_ordered": true, "created_at": "2024-09-04T11:21:06.459Z", "updated_at": "2024-09-04T11:21:41.679Z"}}, {"model": "orders.order", "pk": 92, "fields": {"user": 24, "payment": 23, "order_number": "2024100892", "first_name": "Rithin", "last_name": "Thiruvalla", "phone": "9400280508", "email": "rithinthiruvalla@gmail.com", "address_line_1": "Valayil", "address_line_2": "Thengeli P.O", "country": "India", "state": "Tamil Nadu", "city": "Thiruvalla", "order_note": "", "order_total": 100.98, "tax": 1.98, "status": "", "ip": "127.0.0.1", "is_ordered": true, "created_at": "2024-10-08T11:01:19.240Z", "updated_at": "2024-10-08T11:02:01.539Z"}}, {"model": "orders.orderproduct", "pk": 25, "fields": {"order": 91, "payment": 22, "user": 24, "product": 3, "quantity": 1, "product_price": 119.0, "ordered": true, "created_at": "2024-09-04T11:21:41.729Z", "updated_at": "2024-09-04T11:21:41.773Z", "variations": [7]}}, {"model": "orders.orderproduct", "pk": 26, "fields": {"order": 92, "payment": 23, "user": 24, "product": 2, "quantity": 1, "product_price": 99.0, "ordered": true, "created_at": "2024-10-08T11:02:01.575Z", "updated_at": "2024-10-08T11:02:01.639Z", "variations": [10, 11]}}]